{
  "type": "FeatureCollection",
  "features": [
    {
      "type": "Feature",
      "geometry": {
        "type": "Polygon",
        "coordinates": [
          [
            [
              -3.7719327731092434,
              40.355660725167105
            ],
            [
              -3.7712605042016807,
              40.35566076410167
            ],
            [
              -3.7705882352941176,
              40.35566079866715
            ],
            [
              -3.7699159663865545,
              40.35566082957888
            ],
            [
              -3.7692436974789914,
              40.35566085741931
            ],
            [
              -3.7685714285714282,
              40.3556608826665
            ],
            [
              -3.7678991596638656,
              40.355660905716256
            ],
            [
              -3.7672268907563025,
              40.355660926899226
            ],
            [
              -3.7665546218487393,
              40.355660946494254
            ],
            [
              -3.7658823529411762,
              40.35566096473878
            ],
            [
              -3.765210084033613,
              40.355660981837225
            ],
            [
              -3.7645378151260505,
              40.35566099796745
            ],
            [
              -3.7638655462184873,
              40.355661013286195
            ],
            [
              -3.7631932773109242,
              40.35566102793336
            ],
            [
              -3.762521008403361,
              40.35566104203564
            ],
            [
              -3.761848739495798,
              40.35566105570954
            ],
            [
              -3.7611764705882353,
              40.355661069064
            ],
            [
              -3.7605042016806722,
              40.355661082202666
            ],
            [
              -3.759831932773109,
              40.355661095226
            ],
            [
              -3.759159663865546,
              40.35566110823317
            ],
            [
              -3.758487394957983,
              40.35566112132397
            ],
            [
              -3.7578151260504202,
              40.355661134600574
            ],
            [
              -3.757142857142857,
              40.355661148169496
            ],
            [
              -3.756470588235294,
              40.355661162143484
            ],
            [
              -3.755798319327731,
              40.35566117664374
            ],
            [
              -3.755126050420168,
              40.355661191802156
            ],
            [
              -3.754453781512605,
              40.35566120776399
            ],
            [
              -3.753781512605042,
              40.35566122469069
            ],
            [
              -3.753112764110033,
              40.356464646464644
            ],
            [
              -3.7531114165052584,
              40.35727272727273
            ],
            [
              -3.7531107773030317,
              40.35808080808081
            ],
            [
              -3.753110431111041,
              40.35888888888889
            ],
            [
              -3.753110114328313,
              40.35969696969697
            ],
            [
              -3.7531098151815647,
              40.360505050505054
            ],
            [
              -3.7531095575013715,
              40.36131313131313
            ],
            [
              -3.753109302536306,
              40.36212121212122
            ],
            [
              -3.753109243697479,
              40.362307182179364
            ],
            [
              -3.752436974789916,
              40.36267263178275
            ],
            [
              -3.7521163895510954,
              40.362929292929294
            ],
            [
              -3.7517647058823527,
              40.36339116350271
            ],
            [
              -3.7511262892256196,
              40.36373737373737
            ],
            [
              -3.75109243697479,
              40.36376732602744
            ],
            [
              -3.750420168067227,
              40.36449628197527
            ],
            [
              -3.750332626619239,
              40.36454545454546
            ],
            [
              -3.7497478991596638,
              40.36511840442429
            ],
            [
              -3.7490756302521007,
              40.36530686775074
            ],
            [
              -3.7490328505709267,
              40.365353535353535
            ],
            [
              -3.7484033613445376,
              40.36615603762569
            ],
            [
              -3.7483991449294582,
              40.36616161616162
            ],
            [
              -3.7479965110757134,
              40.3669696969697
            ],
            [
              -3.747731092436975,
              40.36732026978755
            ],
            [
              -3.7472002787257983,
              40.36777777777778
            ],
            [
              -3.7470588235294118,
              40.36789796372053
            ],
            [
              -3.74705878900016,
              40.36777777777778
            ],
            [
              -3.7470586296412662,
              40.3669696969697
            ],
            [
              -3.7470584787974435,
              40.36616161616162
            ],
            [
              -3.7470583370744994,
              40.365353535353535
            ],
            [
              -3.7470581442076654,
              40.36454545454546
            ],
            [
              -3.7470580190047778,
              40.36373737373737
            ],
            [
              -3.7470579002208617,
              40.362929292929294
            ],
            [
              -3.747057730787253,
              40.36212121212122
            ],
            [
              -3.7470575679578206,
              40.36131313131313
            ],
            [
              -3.7470572147826138,
              40.360505050505054
            ],
            [
              -3.7470570382159445,
              40.35969696969697
            ],
            [
              -3.7470568084240012,
              40.35888888888889
            ],
            [
              -3.747056544939512,
              40.35808080808081
            ],
            [
              -3.747055957367298,
              40.35727272727273
            ],
            [
              -3.74705503747914,
              40.356464646464644
            ],
            [
              -3.7463865546218487,
              40.355661548841915
            ],
            [
              -3.7457142857142856,
              40.35566160129577
            ],
            [
              -3.745042016806723,
              40.3556616599617
            ],
            [
              -3.7443697478991598,
              40.35566172538293
            ],
            [
              -3.7436974789915967,
              40.355661797926786
            ],
            [
              -3.7430252100840335,
              40.35566187762828
            ],
            [
              -3.7423529411764704,
              40.35566196396959
            ],
            [
              -3.7416806722689078,
              40.355662055596554
            ],
            [
              -3.7410084033613447,
              40.3556621500028
            ],
            [
              -3.7403361344537815,
              40.35566224326362
            ],
            [
              -3.7396638655462184,
              40.3556623299686
            ],
            [
              -3.7389915966386553,
              40.35566240354759
            ],
            [
              -3.7383193277310927,
              40.35566245713667
            ],
            [
              -3.7376470588235295,
              40.35566248492354
            ],
            [
              -3.7369747899159664,
              40.35566248358908
            ],
            [
              -3.7363025210084033,
              40.35566245324246
            ],
            [
              -3.73563025210084,
              40.35566239738744
            ],
            [
              -3.7349579831932775,
              40.35566232193732
            ],
            [
              -3.7342857142857144,
              40.35566223376321
            ],
            [
              -3.7336134453781513,
              40.355662139372306
            ],
            [
              -3.732945570246874,
              40.356464646464644
            ],
            [
              -3.7329450219180402,
              40.35727272727273
            ],
            [
              -3.7329448343684923,
              40.35808080808081
            ],
            [
              -3.7329449157786483,
              40.35888888888889
            ],
            [
              -3.732945047011707,
              40.35969696969697
            ],
            [
              -3.7329452063853386,
              40.360505050505054
            ],
            [
              -3.732945272551523,
              40.36131313131313
            ],
            [
              -3.7329453492696563,
              40.36212121212122
            ],
            [
              -3.732945332032345,
              40.362929292929294
            ],
            [
              -3.7329452262958163,
              40.36373737373737
            ],
            [
              -3.7329450209810613,
              40.36454545454546
            ],
            [
              -3.73294471593691,
              40.365353535353535
            ],
            [
              -3.732944373410584,
              40.36616161616162
            ],
            [
              -3.7329439980526833,
              40.3669696969697
            ],
            [
              -3.732943608314458,
              40.36777777777778
            ],
            [
              -3.732943187954609,
              40.36858585858586
            ],
            [
              -3.7336134453781513,
              40.36939197381058
            ],
            [
              -3.7342857142857144,
              40.36939162780776
            ],
            [
              -3.7349579831932775,
              40.36939131947277
            ],
            [
              -3.73563025210084,
              40.36939106555113
            ],
            [
              -3.7363025210084033,
              40.36939088295707
            ],
            [
              -3.7369747899159664,
              40.36939078588362
            ],
            [
              -3.7376470588235295,
              40.369390782642185
            ],
            [
              -3.7383193277310927,
              40.36939087350945
            ],
            [
              -3.7389915966386553,
              40.36939105065043
            ],
            [
              -3.7396638655462184,
              40.36939130015853
            ],
            [
              -3.7403361344537815,
              40.369391605191375
            ],
            [
              -3.7410084033613447,
              40.369391948909836
            ],
            [
              -3.7416806722689078,
              40.369392316435906
            ],
            [
              -3.7423529411764704,
              40.369392695724315
            ],
            [
              -3.7430252100840335,
              40.36939307764074
            ],
            [
              -3.7436974789915967,
              40.36939345561354
            ],
            [
              -3.7443697478991598,
              40.36939382513519
            ],
            [
              -3.7445842926355035,
              40.36939393939394
            ],
            [
              -3.7443697478991598,
              40.369697738452054
            ],
            [
              -3.743987664860119,
              40.37020202020202
            ],
            [
              -3.7436974789915967,
              40.370544068388696
            ],
            [
              -3.743258667735155,
              40.3710101010101
            ],
            [
              -3.7430252100840335,
              40.37123841051205
            ],
            [
              -3.7423529411764704,
              40.371810640214996
            ],
            [
              -3.742342777071358,
              40.371818181818185
            ],
            [
              -3.7416806722689078,
              40.3722904074572
            ],
            [
              -3.741097435965074,
              40.37262626262626
            ],
            [
              -3.7410084033613447,
              40.372676857297975
            ],
            [
              -3.7403361344537815,
              40.37299561990579
            ],
            [
              -3.7396638655462184,
              40.3732385427249
            ],
            [
              -3.7389915966386553,
              40.37341305644222
            ],
            [
              -3.7388664560720772,
              40.37343434343435
            ],
            [
              -3.7383193277310927,
              40.37353242085342
            ],
            [
              -3.7376470588235295,
              40.37359093930548
            ],
            [
              -3.7369747899159664,
              40.373588677204125
            ],
            [
              -3.7363025210084033,
              40.37353592893656
            ],
            [
              -3.7358120831180512,
              40.37343434343435
            ],
            [
              -3.73563025210084,
              40.373402220754535
            ],
            [
              -3.7349579831932775,
              40.37339969465554
            ],
            [
              -3.7342857142857144,
              40.373391919999825
            ],
            [
              -3.7336134453781513,
              40.373368995003325
            ],
            [
              -3.732941176470588,
              40.37318581828577
            ],
            [
              -3.732268907563025,
              40.37277386681465
            ],
            [
              -3.7319949299665485,
              40.37262626262626
            ],
            [
              -3.7315966386554624,
              40.37236556865736
            ],
            [
              -3.7309243697478993,
              40.37183071323914
            ],
            [
              -3.7309098197947925,
              40.371818181818185
            ],
            [
              -3.730252100840336,
              40.371214775455606
            ],
            [
              -3.7300473958926483,
              40.3710101010101
            ],
            [
              -3.729579831932773,
              40.3705033556643
            ],
            [
              -3.7292003246369956,
              40.37020202020202
            ],
            [
              -3.72890756302521,
              40.369946406262386
            ],
            [
              -3.7285915716604943,
              40.36939393939394
            ],
            [
              -3.7282352941176473,
              40.36870088192472
            ],
            [
              -3.7281572861445933,
              40.36858585858586
            ],
            [
              -3.727563025210084,
              40.3678966119371
            ],
            [
              -3.7274578125748126,
              40.36777777777778
            ],
            [
              -3.7269923638269233,
              40.3669696969697
            ],
            [
              -3.726890756302521,
              40.36677738927223
            ],
            [
              -3.726890644682087,
              40.36616161616162
            ],
            [
              -3.7268904389319517,
              40.365353535353535
            ],
            [
              -3.7268903040005448,
              40.36454545454546
            ],
            [
              -3.7268901737441666,
              40.36373737373737
            ],
            [
              -3.72688998734027,
              40.362929292929294
            ],
            [
              -3.726889808460508,
              40.36212121212122
            ],
            [
              -3.726889633336304,
              40.36131313131313
            ],
            [
              -3.7268894573702247,
              40.360505050505054
            ],
            [
              -3.726889247780893,
              40.35969696969697
            ],
            [
              -3.7268890191029174,
              40.35888888888889
            ],
            [
              -3.726888758659895,
              40.35808080808081
            ],
            [
              -3.726888233133616,
              40.35727272727273
            ],
            [
              -3.7268870326669137,
              40.356464646464644
            ],
            [
              -3.726218487394958,
              40.35566140164679
            ],
            [
              -3.725546218487395,
              40.35566136645323
            ],
            [
              -3.724873949579832,
              40.35566133445363
            ],
            [
              -3.724201680672269,
              40.355661305198105
            ],
            [
              -3.723529411764706,
              40.355661278287116
            ],
            [
              -3.722857142857143,
              40.35566125336674
            ],
            [
              -3.7221848739495798,
              40.35566123012323
            ],
            [
              -3.721512605042017,
              40.35566120827751
            ],
            [
              -3.720840336134454,
              40.35566118757977
            ],
            [
              -3.720168067226891,
              40.355661167804506
            ],
            [
              -3.7194957983193278,
              40.355661148745824
            ],
            [
              -3.7188235294117646,
              40.35566113021324
            ],
            [
              -3.718151260504202,
              40.35566111202762
            ],
            [
              -3.717478991596639,
              40.35566109401749
            ],
            [
              -3.7168067226890757,
              40.35566107601532
            ],
            [
              -3.7161344537815126,
              40.355661057853965
            ],
            [
              -3.7154621848739495,
              40.355661039362836
            ],
            [
              -3.714789915966387,
              40.355661020363996
            ],
            [
              -3.7141176470588237,
              40.35566100066766
            ],
            [
              -3.7134453781512606,
              40.35566098006722
            ],
            [
              -3.7127731092436975,
              40.355660958333296
            ],
            [
              -3.7121008403361344,
              40.35566093520673
            ],
            [
              -3.7114285714285717,
              40.35566091038981
            ],
            [
              -3.7107563025210086,
              40.35566088353557
            ],
            [
              -3.7100871816459415,
              40.356464646464644
            ],
            [
              -3.710086022216405,
              40.35727272727273
            ],
            [
              -3.7100851955728604,
              40.35808080808081
            ],
            [
              -3.710084533436459,
              40.35888888888889
            ],
            [
              -3.7100841977435097,
              40.35969696969697
            ],
            [
              -3.7100840336134455,
              40.36012404236908
            ],
            [
              -3.709766123982148,
              40.360505050505054
            ],
            [
              -3.7094117647058824,
              40.36093766969408
            ],
            [
              -3.7087394957983193,
              40.36113125512874
            ],
            [
              -3.7083546927093467,
              40.36131313131313
            ],
            [
              -3.7080672268907566,
              40.36154511847853
            ],
            [
              -3.7073949579831935,
              40.36172117524864
            ],
            [
              -3.7067226890756304,
              40.3618554442603
            ],
            [
              -3.7060504201680673,
              40.362056461296845
            ],
            [
              -3.705378151260504,
              40.361971387260276
            ],
            [
              -3.7047058823529415,
              40.36200081098183
            ],
            [
              -3.7040336134453784,
              40.36186696391572
            ],
            [
              -3.7033613445378153,
              40.36182570192135
            ],
            [
              -3.702689075630252,
              40.36166484866167
            ],
            [
              -3.702016806722689,
              40.36147013424825
            ],
            [
              -3.701470529558314,
              40.36131313131313
            ],
            [
              -3.7013445378151264,
              40.361279237301524
            ],
            [
              -3.7006722689075633,
              40.360999719246855
            ],
            [
              -3.7,
              40.36070093606592
            ],
            [
              -3.7,
              40.36131313131313
            ],
            [
              -3.7,
              40.36212121212122
            ],
            [
              -3.7,
              40.362929292929294
            ],
            [
              -3.7,
              40.36373737373737
            ],
            [
              -3.7,
              40.36454545454546
            ],
            [
              -3.7,
              40.365353535353535
            ],
            [
              -3.7,
              40.36616161616162
            ],
            [
              -3.7,
              40.3669696969697
            ],
            [
              -3.7,
              40.36777777777778
            ],
            [
              -3.7,
              40.36858585858586
            ],
            [
              -3.7,
              40.36939393939394
            ],
            [
              -3.7,
              40.37020202020202
            ],
            [
              -3.7,
              40.3710101010101
            ],
            [
              -3.7,
              40.371818181818185
            ],
            [
              -3.7,
              40.37200278455095
            ],
            [
              -3.7006722689075633,
              40.372357963027106
            ],
            [
              -3.7013445378151264,
              40.37203498411391
            ],
            [
              -3.702016806722689,
              40.37233501172201
            ],
            [
              -3.702689075630252,
              40.37261168982419
            ],
            [
              -3.702727220155727,
              40.37262626262626
            ],
            [
              -3.7033613445378153,
              40.372754161559506
            ],
            [
              -3.703674546006869,
              40.37262626262626
            ],
            [
              -3.7040336134453784,
              40.372350567276534
            ],
            [
              -3.7047058823529415,
              40.372560632775425
            ],
            [
              -3.704934057020517,
              40.37262626262626
            ],
            [
              -3.705378151260504,
              40.37275914691655
            ],
            [
              -3.7060504201680673,
              40.37294494207235
            ],
            [
              -3.7067226890756304,
              40.37285701207875
            ],
            [
              -3.707148219742722,
              40.37262626262626
            ],
            [
              -3.7073949579831935,
              40.372345080477224
            ],
            [
              -3.7080672268907566,
              40.37247804968734
            ],
            [
              -3.7087394957983193,
              40.3726039656462
            ],
            [
              -3.708864680216113,
              40.37262626262626
            ],
            [
              -3.7094117647058824,
              40.372728726849026
            ],
            [
              -3.7100840336134455,
              40.37285187767198
            ],
            [
              -3.710237794914819,
              40.37262626262626
            ],
            [
              -3.71040226120842,
              40.371818181818185
            ],
            [
              -3.7104390183255838,
              40.3710101010101
            ],
            [
              -3.7100845137421175,
              40.37020202020202
            ],
            [
              -3.7100846724495615,
              40.36939393939394
            ],
            [
              -3.7100848378591036,
              40.36858585858586
            ],
            [
              -3.7100850106510292,
              40.36777777777778
            ],
            [
              -3.7100851915803603,
              40.3669696969697
            ],
            [
              -3.710085381486959,
              40.36616161616162
            ],
            [
              -3.7100855813083298,
              40.365353535353535
            ],
            [
              -3.710085792096205,
              40.36454545454546
            ],
            [
              -3.7100860150385073,
              40.36373737373737
            ],
            [
              -3.7100862514889825,
              40.362929292929294
            ],
            [
              -3.710086503007896,
              40.36212121212122
            ],
            [
              -3.7100867714188874,
              40.36131313131313
            ],
            [
              -3.7100870588897243,
              40.360505050505054
            ],
            [
              -3.7100873680490642,
              40.35969696969697
            ],
            [
              -3.710087702158556,
              40.35888888888889
            ],
            [
              -3.7100883611716724,
              40.35808080808081
            ],
            [
              -3.710089183915955,
              40.35727272727273
            ],
            [
              -3.7100903378764842,
              40.356464646464644
            ],
            [
              -3.7107563025210086,
              40.35566467487014
            ],
            [
              -3.7114285714285717,
              40.35566470159771
            ],
            [
              -3.7121008403361344,
              40.35566472629757
            ],
            [
              -3.7127731092436975,
              40.355664749315046
            ],
            [
              -3.7134453781512606,
              40.35566477094645
            ],
            [
              -3.7141176470588237,
              40.35566479144972
            ],
            [
              -3.714789915966387,
              40.35566481105315
            ],
            [
              -3.7154621848739495,
              40.35566482996238
            ],
            [
              -3.7161344537815126,
              40.35566484836628
            ],
            [
              -3.7168067226890757,
              40.35566486644197
            ],
            [
              -3.717478991596639,
              40.35566488435922
            ],
            [
              -3.718151260504202,
              40.3556649022844
            ],
            [
              -3.7188235294117646,
              40.355664920384235
            ],
            [
              -3.7194957983193278,
              40.355664938829406
            ],
            [
              -3.720168067226891,
              40.35566495779818
            ],
            [
              -3.720840336134454,
              40.355664977480174
            ],
            [
              -3.721512605042017,
              40.35566499808028
            ],
            [
              -3.7221848739495798,
              40.35566501982295
            ],
            [
              -3.722857142857143,
              40.35566504295682
            ],
            [
              -3.723529411764706,
              40.35566506775965
            ],
            [
              -3.724201680672269,
              40.3556650945437
            ],
            [
              -3.724873949579832,
              40.355665123661225
            ],
            [
              -3.725546218487395,
              40.35566515550989
            ],
            [
              -3.726218487394958,
              40.35566519053744
            ],
            [
              -3.72688387915148,
              40.356464646464644
            ],
            [
              -3.7268850739556036,
              40.35727272727273
            ],
            [
              -3.726885597002985,
              40.35808080808081
            ],
            [
              -3.7268858562175025,
              40.35888888888889
            ],
            [
              -3.7268860838168085,
              40.35969696969697
            ],
            [
              -3.7268862924175115,
              40.360505050505054
            ],
            [
              -3.726886467553562,
              40.36131313131313
            ],
            [
              -3.7268866418517086,
              40.36212121212122
            ],
            [
              -3.7268868198876977,
              40.362929292929294
            ],
            [
              -3.7268870054123306,
              40.36373737373737
            ],
            [
              -3.726887135054292,
              40.36454545454546
            ],
            [
              -3.72688726934923,
              40.365353535353535
            ],
            [
              -3.7268874741288456,
              40.36616161616162
            ],
            [
              -3.7268876199252783,
              40.3669696969697
            ],
            [
              -3.726887772038283,
              40.36777777777778
            ],
            [
              -3.726887929988704,
              40.36858585858586
            ],
            [
              -3.7268880930334625,
              40.36939393939394
            ],
            [
              -3.726888331092969,
              40.37020202020202
            ],
            [
              -3.726218487394958,
              40.371008484411654
            ],
            [
              -3.725546218487395,
              40.37100873315476
            ],
            [
              -3.724873949579832,
              40.37100897241286
            ],
            [
              -3.724201680672269,
              40.3710092023286
            ],
            [
              -3.723529411764706,
              40.37100942313611
            ],
            [
              -3.722857142857143,
              40.371009635133696
            ],
            [
              -3.7221848739495798,
              40.3710098386634
            ],
            [
              -3.721512605042017,
              40.37101003409575
            ],
            [
              -3.7212729368736133,
              40.3710101010101
            ],
            [
              -3.721512605042017,
              40.37144149498364
            ],
            [
              -3.7217191843530992,
              40.371818181818185
            ],
            [
              -3.7221848739495798,
              40.37260877190622
            ],
            [
              -3.722195133286178,
              40.37262626262626
            ],
            [
              -3.7226993686925884,
              40.37343434343435
            ],
            [
              -3.722857142857143,
              40.37367064251985
            ],
            [
              -3.7232429236913585,
              40.374242424242425
            ],
            [
              -3.723529411764706,
              40.37463985659781
            ],
            [
              -3.723831434689648,
              40.3750505050505
            ],
            [
              -3.724201680672269,
              40.375523610905056
            ],
            [
              -3.7243096903570905,
              40.37585858585859
            ],
            [
              -3.7244455045302285,
              40.376666666666665
            ],
            [
              -3.7246484092009235,
              40.37747474747475
            ],
            [
              -3.724873949579832,
              40.378108578312926
            ],
            [
              -3.724939816929322,
              40.37828282828283
            ],
            [
              -3.72509978980676,
              40.37909090909091
            ],
            [
              -3.725546218487395,
              40.37983708088845
            ],
            [
              -3.7255859738449346,
              40.37989898989899
            ],
            [
              -3.7261141591489557,
              40.380707070707075
            ],
            [
              -3.726218487394958,
              40.38086388547203
            ],
            [
              -3.726890756302521,
              40.38135764387596
            ],
            [
              -3.7271509001263334,
              40.38151515151515
            ],
            [
              -3.727563025210084,
              40.38151521016898
            ],
            [
              -3.7282352941176473,
              40.38151530308106
            ],
            [
              -3.72890756302521,
              40.38151539271207
            ],
            [
              -3.7295797343995902,
              40.38232323232323
            ],
            [
              -3.729579831932773,
              40.38278672356601
            ],
            [
              -3.730252100840336,
              40.38306662408007
            ],
            [
              -3.7303224734310976,
              40.383131313131315
            ],
            [
              -3.7309243697478993,
              40.383691179669384
            ],
            [
              -3.7315966386554624,
              40.38353241061637
            ],
            [
              -3.732268907563025,
              40.38372390865279
            ],
            [
              -3.732941176470588,
              40.383887005594715
            ],
            [
              -3.7331988635018436,
              40.38393939393939
            ],
            [
              -3.7336134453781513,
              40.384025337440114
            ],
            [
              -3.7338520644165034,
              40.38393939393939
            ],
            [
              -3.7342857142857144,
              40.38379151654601
            ],
            [
              -3.7342858695304937,
              40.383131313131315
            ],
            [
              -3.734286066617165,
              40.38232323232323
            ],
            [
              -3.7349579831932775,
              40.38151584291513
            ],
            [
              -3.73563025210084,
              40.38151586606093
            ],
            [
              -3.7363025210084033,
              40.38151579395851
            ],
            [
              -3.7369747899159664,
              40.38151571477354
            ],
            [
              -3.7376470588235295,
              40.38151562873895
            ],
            [
              -3.7383193277310927,
              40.38151561553544
            ],
            [
              -3.7389915966386553,
              40.38151551341985
            ],
            [
              -3.7396638655462184,
              40.38151547684693
            ],
            [
              -3.7403361344537815,
              40.38151543541246
            ],
            [
              -3.7410084033613447,
              40.38151538980113
            ],
            [
              -3.7416806722689078,
              40.381515416235054
            ],
            [
              -3.7423529411764704,
              40.38151535328886
            ],
            [
              -3.7430252100840335,
              40.38151537565215
            ],
            [
              -3.7436974789915967,
              40.38151539920613
            ],
            [
              -3.7443697478991598,
              40.38223660851352
            ],
            [
              -3.745042016806723,
              40.38203864806579
            ],
            [
              -3.7457142857142856,
              40.38202400454886
            ],
            [
              -3.7463865546218487,
              40.38214144683814
            ],
            [
              -3.7470588235294118,
              40.38180692813257
            ],
            [
              -3.74760060034343,
              40.38151515151515
            ],
            [
              -3.747731092436975,
              40.38144415705721
            ],
            [
              -3.7484033613445376,
              40.381057190692715
            ],
            [
              -3.7490756302521007,
              40.381160626691205
            ],
            [
              -3.7497478991596638,
              40.38074212481087
            ],
            [
              -3.749771574148711,
              40.380707070707075
            ],
            [
              -3.750310697356289,
              40.37989898989899
            ],
            [
              -3.750420168067227,
              40.37973179706407
            ],
            [
              -3.75109243697479,
              40.37922922002363
            ],
            [
              -3.7512712439935743,
              40.37909090909091
            ],
            [
              -3.7517647058823527,
              40.37870102785022
            ],
            [
              -3.752436974789916,
              40.37856124341606
            ],
            [
              -3.7530415192048086,
              40.37828282828283
            ],
            [
              -3.753109243697479,
              40.37822628684057
            ],
            [
              -3.753482582475191,
              40.37747474747475
            ],
            [
              -3.753586152738829,
              40.376666666666665
            ],
            [
              -3.753781512605042,
              40.3759922910709
            ],
            [
              -3.753806806148156,
              40.37585858585859
            ],
            [
              -3.75391828453703,
              40.3750505050505
            ],
            [
              -3.7538942914287903,
              40.374242424242425
            ],
            [
              -3.753781512605042,
              40.37394920852586
            ],
            [
              -3.753635426254218,
              40.37343434343435
            ],
            [
              -3.753629260272613,
              40.37262626262626
            ],
            [
              -3.753110297417897,
              40.371818181818185
            ],
            [
              -3.753110432729231,
              40.3710101010101
            ],
            [
              -3.7531105687852144,
              40.37020202020202
            ],
            [
              -3.7531108124164145,
              40.36939393939394
            ],
            [
              -3.7531109522052533,
              40.36858585858586
            ],
            [
              -3.753111093942643,
              40.36777777777778
            ],
            [
              -3.753111238282394,
              40.3669696969697
            ],
            [
              -3.7531113860626193,
              40.36616161616162
            ],
            [
              -3.7531116366553046,
              40.365353535353535
            ],
            [
              -3.753111795078731,
              40.36454545454546
            ],
            [
              -3.7531119605737087,
              40.36373737373737
            ],
            [
              -3.75311221880232,
              40.362929292929294
            ],
            [
              -3.753112473338517,
              40.36212121212122
            ],
            [
              -3.753112727100917,
              40.36131313131313
            ],
            [
              -3.7531129835656376,
              40.360505050505054
            ],
            [
              -3.7531132813013164,
              40.35969696969697
            ],
            [
              -3.7531135965897864,
              40.35888888888889
            ],
            [
              -3.753113941148796,
              40.35808080808081
            ],
            [
              -3.753114577335918,
              40.35727272727273
            ],
            [
              -3.753115918584066,
              40.356464646464644
            ],
            [
              -3.753781512605042,
              40.35566501441604
            ],
            [
              -3.754453781512605,
              40.35566499756918
            ],
            [
              -3.755126050420168,
              40.355664981682644
            ],
            [
              -3.755798319327731,
              40.355664966595725
            ],
            [
              -3.756470588235294,
              40.35566495216387
            ],
            [
              -3.757142857142857,
              40.35566493825579
            ],
            [
              -3.7578151260504202,
              40.355664924750876
            ],
            [
              -3.758487394957983,
              40.3556649115369
            ],
            [
              -3.759159663865546,
              40.35566489850785
            ],
            [
              -3.759831932773109,
              40.35566488556203
            ],
            [
              -3.7605042016806722,
              40.35566487260012
            ],
            [
              -3.7611764705882353,
              40.355664859523436
            ],
            [
              -3.761848739495798,
              40.355664846231974
            ],
            [
              -3.762521008403361,
              40.35566483262257
            ],
            [
              -3.7631932773109242,
              40.35566481858681
            ],
            [
              -3.7638655462184873,
              40.35566480400873
            ],
            [
              -3.7645378151260505,
              40.35566478876225
            ],
            [
              -3.765210084033613,
              40.35566477270811
            ],
            [
              -3.7658823529411762,
              40.35566475569032
            ],
            [
              -3.7665546218487393,
              40.355664737531846
            ],
            [
              -3.7672268907563025,
              40.35566471802925
            ],
            [
              -3.7678991596638656,
              40.3556646969462
            ],
            [
              -3.7685714285714282,
              40.35566467400517
            ],
            [
              -3.7692436974789914,
              40.355664648877074
            ],
            [
              -3.7699159663865545,
              40.35566462116797
            ],
            [
              -3.7705882352941176,
              40.35566459040204
            ],
            [
              -3.7712605042016807,
              40.35566455599961
            ],
            [
              -3.7719327731092434,
              40.3556645172487
            ],
            [
              -3.7725988981151555,
              40.356464646464644
            ],
            [
              -3.772600135374163,
              40.35727272727273
            ],
            [
              -3.772601033924201,
              40.35808080808081
            ],
            [
              -3.772601439123116,
              40.35888888888889
            ],
            [
              -3.7726021300034085,
              40.35969696969697
            ],
            [
              -3.7726024679236274,
              40.360505050505054
            ],
            [
              -3.7726027824060564,
              40.36131313131313
            ],
            [
              -3.7726030761401637,
              40.36212121212122
            ],
            [
              -3.7726033513608503,
              40.362929292929294
            ],
            [
              -3.772603609958218,
              40.36373737373737
            ],
            [
              -3.772603853554293,
              40.36454545454546
            ],
            [
              -3.7726040835580097,
              40.365353535353535
            ],
            [
              -3.7726043012055337,
              40.36616161616162
            ],
            [
              -3.772604507590479,
              40.3669696969697
            ],
            [
              -3.7726047036869947,
              40.36777777777778
            ],
            [
              -3.7726048903677376,
              40.36858585858586
            ],
            [
              -3.7726050420168065,
              40.369274144299276
            ],
            [
              -3.7732773109243696,
              40.36924756205382
            ],
            [
              -3.7739495798319327,
              40.36920293684367
            ],
            [
              -3.774621848739496,
              40.36913891143824
            ],
            [
              -3.7748090948336377,
              40.36939393939394
            ],
            [
              -3.7752941176470585,
              40.37007081754079
            ],
            [
              -3.7759663865546216,
              40.3699417283293
            ],
            [
              -3.7766386554621847,
              40.36978988964966
            ],
            [
              -3.777310924369748,
              40.369916143766176
            ],
            [
              -3.777927453235475,
              40.37020202020202
            ],
            [
              -3.777983193277311,
              40.3702578326134
            ],
            [
              -3.7781360294825515,
              40.37020202020202
            ],
            [
              -3.7786554621848736,
              40.370018301737645
            ],
            [
              -3.7793277310924367,
              40.36975252011197
            ],
            [
              -3.78,
              40.36980829071201
            ],
            [
              -3.78,
              40.36939393939394
            ],
            [
              -3.78,
              40.36858585858586
            ],
            [
              -3.78,
              40.36777777777778
            ],
            [
              -3.78,
              40.3669696969697
            ],
            [
              -3.78,
              40.36616161616162
            ],
            [
              -3.78,
              40.365353535353535
            ],
            [
              -3.78,
              40.36454545454546
            ],
            [
              -3.78,
              40.36373737373737
            ],
            [
              -3.78,
              40.362929292929294
            ],
            [
              -3.78,
              40.36212121212122
            ],
            [
              -3.78,
              40.36131313131313
            ],
            [
              -3.78,
              40.360505050505054
            ],
            [
              -3.78,
              40.36026210769665
            ],
            [
              -3.7793277310924367,
              40.3604635891308
            ],
            [
              -3.7792167815434112,
              40.360505050505054
            ],
            [
              -3.7786554621848736,
              40.36071472204125
            ],
            [
              -3.777983193277311,
              40.360811776238144
            ],
            [
              -3.777310924369748,
              40.36093423623796
            ],
            [
              -3.7766386554621847,
              40.36092283048448
            ],
            [
              -3.7759663865546216,
              40.36084229070938
            ],
            [
              -3.7752941176470585,
              40.360785111945475
            ],
            [
              -3.774621848739496,
              40.36074379788018
            ],
            [
              -3.773994407072283,
              40.360505050505054
            ],
            [
              -3.7739495798319327,
              40.36048104834287
            ],
            [
              -3.7732773109243696,
              40.359924361660525
            ],
            [
              -3.773091076578787,
              40.35969696969697
            ],
            [
              -3.7726050420168065,
              40.35939415103784
            ],
            [
              -3.772604608156357,
              40.35888888888889
            ],
            [
              -3.772604201037068,
              40.35808080808081
            ],
            [
              -3.7726032982284994,
              40.35727272727273
            ],
            [
              -3.772602055105705,
              40.356464646464644
            ],
            [
              -3.7719327731092434,
              40.355660725167105
            ]
          ],
          [
            [
              -3.7470518842581146,
              40.356464646464644
            ],
            [
              -3.747052799807178,
              40.35727272727273
            ],
            [
              -3.747053384607825,
              40.35808080808081
            ],
            [
              -3.7470536468494626,
              40.35888888888889
            ],
            [
              -3.7470538755574814,
              40.35969696969697
            ],
            [
              -3.7470540512912893,
              40.360505050505054
            ],
            [
              -3.7470544028005754,
              40.36131313131313
            ],
            [
              -3.747054564861944,
              40.36212121212122
            ],
            [
              -3.7470547334963378,
              40.362929292929294
            ],
            [
              -3.7470548517199527,
              40.36373737373737
            ],
            [
              -3.7470549763322607,
              40.36454545454546
            ],
            [
              -3.747055168289345,
              40.365353535353535
            ],
            [
              -3.747055309343785,
              40.36616161616162
            ],
            [
              -3.7470554594760803,
              40.3669696969697
            ],
            [
              -3.747055618083281,
              40.36777777777778
            ],
            [
              -3.7470558492166117,
              40.36858585858586
            ],
            [
              -3.7463865546218487,
              40.36939104301478
            ],
            [
              -3.7457142857142856,
              40.36939071375121
            ],
            [
              -3.745042016806723,
              40.369390370417015
            ],
            [
              -3.7443697478991598,
              40.36939001397222
            ],
            [
              -3.7436974789915967,
              40.3693896461936
            ],
            [
              -3.7430252100840335,
              40.36938927000369
            ],
            [
              -3.7423529411764704,
              40.36938888988876
            ],
            [
              -3.7416806722689078,
              40.36938851238944
            ],
            [
              -3.7410084033613447,
              40.36938814659699
            ],
            [
              -3.7403361344537815,
              40.36938780449984
            ],
            [
              -3.7396638655462184,
              40.36938750090583
            ],
            [
              -3.7389915966386553,
              40.369387252574654
            ],
            [
              -3.7383193277310927,
              40.36938707626925
            ],
            [
              -3.7376470588235295,
              40.3693869858306
            ],
            [
              -3.7369747899159664,
              40.36938698905674
            ],
            [
              -3.7363025210084033,
              40.3693870856723
            ],
            [
              -3.73563025210084,
              40.36938726740507
            ],
            [
              -3.7349579831932775,
              40.36938752012897
            ],
            [
              -3.7342857142857144,
              40.36938782700954
            ],
            [
              -3.7336134453781513,
              40.36938817138027
            ],
            [
              -3.7329463495462294,
              40.36858585858586
            ],
            [
              -3.732946767923249,
              40.36777777777778
            ],
            [
              -3.7329471558230862,
              40.3669696969697
            ],
            [
              -3.7329475294104313,
              40.36616161616162
            ],
            [
              -3.7329478703210666,
              40.365353535353535
            ],
            [
              -3.7329481739263306,
              40.36454545454546
            ],
            [
              -3.73294837827262,
              40.36373737373737
            ],
            [
              -3.7329484835103917,
              40.362929292929294
            ],
            [
              -3.7329485006663945,
              40.36212121212122
            ],
            [
              -3.7329484243101394,
              40.36131313131313
            ],
            [
              -3.7329483584560594,
              40.360505050505054
            ],
            [
              -3.73294819983419,
              40.35969696969697
            ],
            [
              -3.7329480692201553,
              40.35888888888889
            ],
            [
              -3.7329479881940095,
              40.35808080808081
            ],
            [
              -3.73294817485889,
              40.35727272727273
            ],
            [
              -3.732948720601267,
              40.356464646464644
            ],
            [
              -3.7336134453781513,
              40.355665924783125
            ],
            [
              -3.7342857142857144,
              40.35566601872878
            ],
            [
              -3.7349579831932775,
              40.35566610648697
            ],
            [
              -3.73563025210084,
              40.3556661815812
            ],
            [
              -3.7363025210084033,
              40.35566623717275
            ],
            [
              -3.7369747899159664,
              40.35566626737622
            ],
            [
              -3.7376470588235295,
              40.3556662687044
            ],
            [
              -3.7383193277310927,
              40.35566624104859
            ],
            [
              -3.7389915966386553,
              40.355666187712295
            ],
            [
              -3.7396638655462184,
              40.35566611448038
            ],
            [
              -3.7403361344537815,
              40.35566602818438
            ],
            [
              -3.7410084033613447,
              40.35566593536347
            ],
            [
              -3.7416806722689078,
              40.35566584140253
            ],
            [
              -3.7423529411764704,
              40.35566575020777
            ],
            [
              -3.7430252100840335,
              40.35566566427374
            ],
            [
              -3.7436974789915967,
              40.35566558494819
            ],
            [
              -3.7443697478991598,
              40.355665512746526
            ],
            [
              -3.745042016806723,
              40.35566544763388
            ],
            [
              -3.7457142857142856,
              40.35566538924468
            ],
            [
              -3.7463865546218487,
              40.35566533703825
            ],
            [
              -3.7470518842581146,
              40.356464646464644
            ]
          ]
        ]
      },
      "properties": {
        "nivel_min": 55.0,
        "nivel_max": 60.0,
        "rango_dBA": "55 - 60 dBA",
        "area_m2": 24192.41,
        "fill": "#FFD700",
        "fill-opacity": 0.65,
        "stroke": "#888888",
        "stroke-width": 0.5,
        "stroke-opacity": 1.0
      },
      "id": 0
    },
    {
      "type": "Feature",
      "geometry": {
        "type": "Polygon",
        "coordinates": [
          [
            [
              -3.7793277310924367,
              40.3545662998082
            ],
            [
              -3.7786554621848736,
              40.35484296272085
            ],
            [
              -3.7786385863885568,
              40.35484848484849
            ],
            [
              -3.777983193277311,
              40.35509890371945
            ],
            [
              -3.777310924369748,
              40.35530570673416
            ],
            [
              -3.7766386554621847,
              40.35547633811123
            ],
            [
              -3.7759663865546216,
              40.355619864965604
            ],
            [
              -3.775763806176299,
              40.35565656565657
            ],
            [
              -3.7752941176470585,
              40.35575417838107
            ],
            [
              -3.774621848739496,
              40.355874140010656
            ],
            [
              -3.7739495798319327,
              40.35597852642268
            ],
            [
              -3.7732773109243696,
              40.35607026020903
            ],
            [
              -3.7726050420168065,
              40.35615157275809
            ],
            [
              -3.7719327731092434,
              40.35565693308551
            ],
            [
              -3.7712605042016807,
              40.35565697220373
            ],
            [
              -3.7705882352941176,
              40.35565700693226
            ],
            [
              -3.7699159663865545,
              40.3556570379898
            ],
            [
              -3.7692436974789914,
              40.35565706596155
            ],
            [
              -3.7685714285714282,
              40.35565709132783
            ],
            [
              -3.7678991596638656,
              40.35565711448631
            ],
            [
              -3.7672268907563025,
              40.3556571357692
            ],
            [
              -3.7665546218487393,
              40.355657155456655
            ],
            [
              -3.7658823529411762,
              40.35565717378725
            ],
            [
              -3.765210084033613,
              40.35565719096634
            ],
            [
              -3.7645378151260505,
              40.35565720717265
            ],
            [
              -3.7638655462184873,
              40.35565722256366
            ],
            [
              -3.7631932773109242,
              40.35565723727991
            ],
            [
              -3.762521008403361,
              40.35565725144871
            ],
            [
              -3.761848739495798,
              40.35565726518711
            ],
            [
              -3.7611764705882353,
              40.35565727860456
            ],
            [
              -3.7605042016806722,
              40.3556572918052
            ],
            [
              -3.759831932773109,
              40.35565730488997
            ],
            [
              -3.759159663865546,
              40.355657317958496
            ],
            [
              -3.758487394957983,
              40.35565733111105
            ],
            [
              -3.7578151260504202,
              40.35565734445027
            ],
            [
              -3.757142857142857,
              40.35565735808319
            ],
            [
              -3.756470588235294,
              40.355657372123105
            ],
            [
              -3.755798319327731,
              40.35565738669175
            ],
            [
              -3.755126050420168,
              40.355657401921675
            ],
            [
              -3.754453781512605,
              40.355657417958795
            ],
            [
              -3.753781512605042,
              40.355657434965345
            ],
            [
              -3.7531096096359997,
              40.356464646464644
            ],
            [
              -3.753109243697479,
              40.35668336945978
            ],
            [
              -3.752436974789916,
              40.35695965244881
            ],
            [
              -3.7517647058823527,
              40.35718493489354
            ],
            [
              -3.7514427064879228,
              40.35727272727273
            ],
            [
              -3.75109243697479,
              40.357341292634835
            ],
            [
              -3.750420168067227,
              40.35741869063768
            ],
            [
              -3.7497478991596638,
              40.35745545871531
            ],
            [
              -3.7490756302521007,
              40.357456002865696
            ],
            [
              -3.7484033613445376,
              40.357426753238364
            ],
            [
              -3.747731092436975,
              40.3572812892047
            ],
            [
              -3.7477165888467066,
              40.35727272727273
            ],
            [
              -3.7470588235294118,
              40.357018188709134
            ],
            [
              -3.7470581907001645,
              40.356464646464644
            ],
            [
              -3.7463865546218487,
              40.355657760645585
            ],
            [
              -3.7457142857142856,
              40.35565781334686
            ],
            [
              -3.745042016806723,
              40.35565787228951
            ],
            [
              -3.7443697478991598,
              40.35565793801934
            ],
            [
              -3.7436974789915967,
              40.35565801090538
            ],
            [
              -3.7430252100840335,
              40.35565809098283
            ],
            [
              -3.7423529411764704,
              40.35565817773141
            ],
            [
              -3.7416806722689078,
              40.35565826979057
            ],
            [
              -3.7410084033613447,
              40.35565836464213
            ],
            [
              -3.7403361344537815,
              40.35565845834286
            ],
            [
              -3.7396638655462184,
              40.355658545456826
            ],
            [
              -3.7389915966386553,
              40.35565861938289
            ],
            [
              -3.7383193277310927,
              40.35565867322474
            ],
            [
              -3.7376470588235295,
              40.35565870114269
            ],
            [
              -3.7369747899159664,
              40.35565869980193
            ],
            [
              -3.7363025210084033,
              40.35565866931216
            ],
            [
              -3.73563025210084,
              40.35565861319368
            ],
            [
              -3.7349579831932775,
              40.35565853738766
            ],
            [
              -3.7342857142857144,
              40.35565844879764
            ],
            [
              -3.7336134453781513,
              40.355658353961495
            ],
            [
              -3.732942419892481,
              40.356464646464644
            ],
            [
              -3.7329418689771905,
              40.35727272727273
            ],
            [
              -3.732941680542975,
              40.35808080808081
            ],
            [
              -3.7329417623371413,
              40.35888888888889
            ],
            [
              -3.7329418941892234,
              40.35969696969697
            ],
            [
              -3.7329420543146177,
              40.360505050505054
            ],
            [
              -3.7329421207929068,
              40.36131313131313
            ],
            [
              -3.732942197872918,
              40.36212121212122
            ],
            [
              -3.732942180554299,
              40.362929292929294
            ],
            [
              -3.7329420743190127,
              40.36373737373737
            ],
            [
              -3.732941868035792,
              40.36454545454546
            ],
            [
              -3.732941561552753,
              40.365353535353535
            ],
            [
              -3.7329412174107373,
              40.36616161616162
            ],
            [
              -3.732941176470588,
              40.366249383319044
            ],
            [
              -3.7328802873678875,
              40.36616161616162
            ],
            [
              -3.7324392138135245,
              40.365353535353535
            ],
            [
              -3.732268907563025,
              40.36490098393916
            ],
            [
              -3.7321354897806884,
              40.36454545454546
            ],
            [
              -3.731911642522083,
              40.36373737373737
            ],
            [
              -3.7317921735522206,
              40.362929292929294
            ],
            [
              -3.7316272154930283,
              40.36212121212122
            ],
            [
              -3.7315966386554624,
              40.361752944631554
            ],
            [
              -3.7315548023196876,
              40.36131313131313
            ],
            [
              -3.731487255583895,
              40.360505050505054
            ],
            [
              -3.731213325471725,
              40.35969696969697
            ],
            [
              -3.7309243697478993,
              40.359235767972336
            ],
            [
              -3.7306190005580864,
              40.35888888888889
            ],
            [
              -3.730252100840336,
              40.35864390757922
            ],
            [
              -3.729579831932773,
              40.35824447232033
            ],
            [
              -3.7292619150561226,
              40.35808080808081
            ],
            [
              -3.72890756302521,
              40.35794628093795
            ],
            [
              -3.7282352941176473,
              40.35766488154825
            ],
            [
              -3.727563025210084,
              40.35734935679269
            ],
            [
              -3.7274996944789565,
              40.35727272727273
            ],
            [
              -3.726890756302521,
              40.356846976147004
            ],
            [
              -3.726890186182348,
              40.356464646464644
            ],
            [
              -3.726218487394958,
              40.35565761275614
            ],
            [
              -3.725546218487395,
              40.35565757739658
            ],
            [
              -3.724873949579832,
              40.355657545246025
            ],
            [
              -3.724201680672269,
              40.35565751585251
            ],
            [
              -3.723529411764706,
              40.35565748881458
            ],
            [
              -3.722857142857143,
              40.35565746377665
            ],
            [
              -3.7221848739495798,
              40.355657440423506
            ],
            [
              -3.721512605042017,
              40.35565741847474
            ],
            [
              -3.720840336134454,
              40.35565739767937
            ],
            [
              -3.720168067226891,
              40.35565737781082
            ],
            [
              -3.7194957983193278,
              40.35565735866224
            ],
            [
              -3.7188235294117646,
              40.35565734004224
            ],
            [
              -3.718151260504202,
              40.35565732177084
            ],
            [
              -3.717478991596639,
              40.355657303675756
            ],
            [
              -3.7168067226890757,
              40.35565728558868
            ],
            [
              -3.7161344537815126,
              40.35565726734165
            ],
            [
              -3.7154621848739495,
              40.3556572487633
            ],
            [
              -3.714789915966387,
              40.35565722967485
            ],
            [
              -3.7141176470588237,
              40.3556572098856
            ],
            [
              -3.7134453781512606,
              40.35565718918799
            ],
            [
              -3.7127731092436975,
              40.355657167351545
            ],
            [
              -3.7121008403361344,
              40.35565714411589
            ],
            [
              -3.7114285714285717,
              40.355657119181906
            ],
            [
              -3.7107563025210086,
              40.355657092201
            ],
            [
              -3.7100840336134455,
              40.35644894873406
            ],
            [
              -3.7094117647058824,
              40.35639177011517
            ],
            [
              -3.7087394957983193,
              40.356329601258714
            ],
            [
              -3.7080672268907566,
              40.356261496893765
            ],
            [
              -3.7073949579831935,
              40.356186313852625
            ],
            [
              -3.7067226890756304,
              40.35610264707154
            ],
            [
              -3.7060504201680673,
              40.35600873838474
            ],
            [
              -3.705378151260504,
              40.35590234297392
            ],
            [
              -3.7047058823529415,
              40.35578052809103
            ],
            [
              -3.704115985418257,
              40.35565656565657
            ],
            [
              -3.7040336134453784,
              40.35564149461563
            ],
            [
              -3.7033613445378153,
              40.35549667743056
            ],
            [
              -3.702689075630252,
              40.355324898344406
            ],
            [
              -3.702016806722689,
              40.35511710556641
            ],
            [
              -3.7013445378151264,
              40.354859331007475
            ],
            [
              -3.7013217463481514,
              40.35484848484849
            ],
            [
              -3.7006722689075633,
              40.354580644021645
            ],
            [
              -3.7,
              40.35421305252936
            ],
            [
              -3.7,
              40.35484848484849
            ],
            [
              -3.7,
              40.35565656565657
            ],
            [
              -3.7,
              40.356464646464644
            ],
            [
              -3.7,
              40.35727272727273
            ],
            [
              -3.7,
              40.35808080808081
            ],
            [
              -3.7,
              40.35888888888889
            ],
            [
              -3.7,
              40.35969696969697
            ],
            [
              -3.7,
              40.360505050505054
            ],
            [
              -3.7,
              40.36070093606592
            ],
            [
              -3.7006722689075633,
              40.360999719246855
            ],
            [
              -3.7013445378151264,
              40.361279237301524
            ],
            [
              -3.701470529558314,
              40.36131313131313
            ],
            [
              -3.702016806722689,
              40.36147013424825
            ],
            [
              -3.702689075630252,
              40.36166484866167
            ],
            [
              -3.7033613445378153,
              40.36182570192135
            ],
            [
              -3.7040336134453784,
              40.36186696391572
            ],
            [
              -3.7047058823529415,
              40.36200081098183
            ],
            [
              -3.705378151260504,
              40.361971387260276
            ],
            [
              -3.7060504201680673,
              40.362056461296845
            ],
            [
              -3.7067226890756304,
              40.3618554442603
            ],
            [
              -3.7073949579831935,
              40.36172117524864
            ],
            [
              -3.7080672268907566,
              40.36154511847853
            ],
            [
              -3.7083546927093467,
              40.36131313131313
            ],
            [
              -3.7087394957983193,
              40.36113125512874
            ],
            [
              -3.7094117647058824,
              40.36093766969408
            ],
            [
              -3.709766123982148,
              40.360505050505054
            ],
            [
              -3.7100840336134455,
              40.36012404236908
            ],
            [
              -3.7100841977435097,
              40.35969696969697
            ],
            [
              -3.710084533436459,
              40.35888888888889
            ],
            [
              -3.7100851955728604,
              40.35808080808081
            ],
            [
              -3.710086022216405,
              40.35727272727273
            ],
            [
              -3.7100871816459415,
              40.356464646464644
            ],
            [
              -3.7107563025210086,
              40.35566088353557
            ],
            [
              -3.7114285714285717,
              40.35566091038981
            ],
            [
              -3.7121008403361344,
              40.35566093520673
            ],
            [
              -3.7127731092436975,
              40.355660958333296
            ],
            [
              -3.7134453781512606,
              40.35566098006722
            ],
            [
              -3.7141176470588237,
              40.35566100066766
            ],
            [
              -3.714789915966387,
              40.355661020363996
            ],
            [
              -3.7154621848739495,
              40.355661039362836
            ],
            [
              -3.7161344537815126,
              40.355661057853965
            ],
            [
              -3.7168067226890757,
              40.35566107601532
            ],
            [
              -3.717478991596639,
              40.35566109401749
            ],
            [
              -3.718151260504202,
              40.35566111202762
            ],
            [
              -3.7188235294117646,
              40.35566113021324
            ],
            [
              -3.7194957983193278,
              40.355661148745824
            ],
            [
              -3.720168067226891,
              40.355661167804506
            ],
            [
              -3.720840336134454,
              40.35566118757977
            ],
            [
              -3.721512605042017,
              40.35566120827751
            ],
            [
              -3.7221848739495798,
              40.35566123012323
            ],
            [
              -3.722857142857143,
              40.35566125336674
            ],
            [
              -3.723529411764706,
              40.355661278287116
            ],
            [
              -3.724201680672269,
              40.355661305198105
            ],
            [
              -3.724873949579832,
              40.35566133445363
            ],
            [
              -3.725546218487395,
              40.35566136645323
            ],
            [
              -3.726218487394958,
              40.35566140164679
            ],
            [
              -3.7268870326669137,
              40.356464646464644
            ],
            [
              -3.726888233133616,
              40.35727272727273
            ],
            [
              -3.726888758659895,
              40.35808080808081
            ],
            [
              -3.7268890191029174,
              40.35888888888889
            ],
            [
              -3.726889247780893,
              40.35969696969697
            ],
            [
              -3.7268894573702247,
              40.360505050505054
            ],
            [
              -3.726889633336304,
              40.36131313131313
            ],
            [
              -3.726889808460508,
              40.36212121212122
            ],
            [
              -3.72688998734027,
              40.362929292929294
            ],
            [
              -3.7268901737441666,
              40.36373737373737
            ],
            [
              -3.7268903040005448,
              40.36454545454546
            ],
            [
              -3.7268904389319517,
              40.365353535353535
            ],
            [
              -3.726890644682087,
              40.36616161616162
            ],
            [
              -3.726890756302521,
              40.36677738927223
            ],
            [
              -3.7269923638269233,
              40.3669696969697
            ],
            [
              -3.7274578125748126,
              40.36777777777778
            ],
            [
              -3.727563025210084,
              40.3678966119371
            ],
            [
              -3.7281572861445933,
              40.36858585858586
            ],
            [
              -3.7282352941176473,
              40.36870088192472
            ],
            [
              -3.7285915716604943,
              40.36939393939394
            ],
            [
              -3.72890756302521,
              40.369946406262386
            ],
            [
              -3.7292003246369956,
              40.37020202020202
            ],
            [
              -3.729579831932773,
              40.3705033556643
            ],
            [
              -3.7300473958926483,
              40.3710101010101
            ],
            [
              -3.730252100840336,
              40.371214775455606
            ],
            [
              -3.7309098197947925,
              40.371818181818185
            ],
            [
              -3.7309243697478993,
              40.37183071323914
            ],
            [
              -3.7315966386554624,
              40.37236556865736
            ],
            [
              -3.7319949299665485,
              40.37262626262626
            ],
            [
              -3.732268907563025,
              40.37277386681465
            ],
            [
              -3.732941176470588,
              40.37318581828577
            ],
            [
              -3.7336134453781513,
              40.373368995003325
            ],
            [
              -3.7342857142857144,
              40.373391919999825
            ],
            [
              -3.7349579831932775,
              40.37339969465554
            ],
            [
              -3.73563025210084,
              40.373402220754535
            ],
            [
              -3.7358120831180512,
              40.37343434343435
            ],
            [
              -3.7363025210084033,
              40.37353592893656
            ],
            [
              -3.7369747899159664,
              40.373588677204125
            ],
            [
              -3.7376470588235295,
              40.37359093930548
            ],
            [
              -3.7383193277310927,
              40.37353242085342
            ],
            [
              -3.7388664560720772,
              40.37343434343435
            ],
            [
              -3.7389915966386553,
              40.37341305644222
            ],
            [
              -3.7396638655462184,
              40.3732385427249
            ],
            [
              -3.7403361344537815,
              40.37299561990579
            ],
            [
              -3.7410084033613447,
              40.372676857297975
            ],
            [
              -3.741097435965074,
              40.37262626262626
            ],
            [
              -3.7416806722689078,
              40.3722904074572
            ],
            [
              -3.742342777071358,
              40.371818181818185
            ],
            [
              -3.7423529411764704,
              40.371810640214996
            ],
            [
              -3.7430252100840335,
              40.37123841051205
            ],
            [
              -3.743258667735155,
              40.3710101010101
            ],
            [
              -3.7436974789915967,
              40.370544068388696
            ],
            [
              -3.743987664860119,
              40.37020202020202
            ],
            [
              -3.7443697478991598,
              40.369697738452054
            ],
            [
              -3.7445842926355035,
              40.36939393939394
            ],
            [
              -3.7443697478991598,
              40.36939382513519
            ],
            [
              -3.7436974789915967,
              40.36939345561354
            ],
            [
              -3.7430252100840335,
              40.36939307764074
            ],
            [
              -3.7423529411764704,
              40.369392695724315
            ],
            [
              -3.7416806722689078,
              40.369392316435906
            ],
            [
              -3.7410084033613447,
              40.369391948909836
            ],
            [
              -3.7403361344537815,
              40.369391605191375
            ],
            [
              -3.7396638655462184,
              40.36939130015853
            ],
            [
              -3.7389915966386553,
              40.36939105065043
            ],
            [
              -3.7383193277310927,
              40.36939087350945
            ],
            [
              -3.7376470588235295,
              40.369390782642185
            ],
            [
              -3.7369747899159664,
              40.36939078588362
            ],
            [
              -3.7363025210084033,
              40.36939088295707
            ],
            [
              -3.73563025210084,
              40.36939106555113
            ],
            [
              -3.7349579831932775,
              40.36939131947277
            ],
            [
              -3.7342857142857144,
              40.36939162780776
            ],
            [
              -3.7336134453781513,
              40.36939197381058
            ],
            [
              -3.732943187954609,
              40.36858585858586
            ],
            [
              -3.732943608314458,
              40.36777777777778
            ],
            [
              -3.7329439980526833,
              40.3669696969697
            ],
            [
              -3.732944373410584,
              40.36616161616162
            ],
            [
              -3.73294471593691,
              40.365353535353535
            ],
            [
              -3.7329450209810613,
              40.36454545454546
            ],
            [
              -3.7329452262958163,
              40.36373737373737
            ],
            [
              -3.732945332032345,
              40.362929292929294
            ],
            [
              -3.7329453492696563,
              40.36212121212122
            ],
            [
              -3.732945272551523,
              40.36131313131313
            ],
            [
              -3.7329452063853386,
              40.360505050505054
            ],
            [
              -3.732945047011707,
              40.35969696969697
            ],
            [
              -3.7329449157786483,
              40.35888888888889
            ],
            [
              -3.7329448343684923,
              40.35808080808081
            ],
            [
              -3.7329450219180402,
              40.35727272727273
            ],
            [
              -3.732945570246874,
              40.356464646464644
            ],
            [
              -3.7336134453781513,
              40.355662139372306
            ],
            [
              -3.7342857142857144,
              40.35566223376321
            ],
            [
              -3.7349579831932775,
              40.35566232193732
            ],
            [
              -3.73563025210084,
              40.35566239738744
            ],
            [
              -3.7363025210084033,
              40.35566245324246
            ],
            [
              -3.7369747899159664,
              40.35566248358908
            ],
            [
              -3.7376470588235295,
              40.35566248492354
            ],
            [
              -3.7383193277310927,
              40.35566245713667
            ],
            [
              -3.7389915966386553,
              40.35566240354759
            ],
            [
              -3.7396638655462184,
              40.3556623299686
            ],
            [
              -3.7403361344537815,
              40.35566224326362
            ],
            [
              -3.7410084033613447,
              40.3556621500028
            ],
            [
              -3.7416806722689073,
              40.355662055596554
            ],
            [
              -3.7423529411764704,
              40.35566196396959
            ],
            [
              -3.7430252100840335,
              40.35566187762828
            ],
            [
              -3.7436974789915967,
              40.355661797926786
            ],
            [
              -3.7443697478991598,
              40.35566172538293
            ],
            [
              -3.745042016806723,
              40.3556616599617
            ],
            [
              -3.7457142857142856,
              40.35566160129577
            ],
            [
              -3.7463865546218487,
              40.355661548841915
            ],
            [
              -3.74705503747914,
              40.356464646464644
            ],
            [
              -3.747055957367298,
              40.35727272727273
            ],
            [
              -3.747056544939512,
              40.35808080808081
            ],
            [
              -3.7470568084240012,
              40.35888888888889
            ],
            [
              -3.7470570382159445,
              40.35969696969697
            ],
            [
              -3.7470572147826138,
              40.360505050505054
            ],
            [
              -3.7470575679578206,
              40.36131313131313
            ],
            [
              -3.747057730787253,
              40.36212121212122
            ],
            [
              -3.7470579002208617,
              40.362929292929294
            ],
            [
              -3.7470580190047778,
              40.36373737373737
            ],
            [
              -3.7470581442076654,
              40.36454545454546
            ],
            [
              -3.7470583370744994,
              40.365353535353535
            ],
            [
              -3.7470584787974435,
              40.36616161616162
            ],
            [
              -3.7470586296412662,
              40.3669696969697
            ],
            [
              -3.74705878900016,
              40.36777777777778
            ],
            [
              -3.7470588235294118,
              40.36789796372053
            ],
            [
              -3.7472002787257983,
              40.36777777777778
            ],
            [
              -3.747731092436975,
              40.36732026978755
            ],
            [
              -3.7479965110757134,
              40.3669696969697
            ],
            [
              -3.7483991449294582,
              40.36616161616162
            ],
            [
              -3.7484033613445376,
              40.36615603762569
            ],
            [
              -3.7490328505709267,
              40.365353535353535
            ],
            [
              -3.7490756302521007,
              40.36530686775074
            ],
            [
              -3.7497478991596638,
              40.36511840442429
            ],
            [
              -3.750332626619239,
              40.36454545454546
            ],
            [
              -3.750420168067227,
              40.36449628197527
            ],
            [
              -3.75109243697479,
              40.36376732602744
            ],
            [
              -3.7511262892256196,
              40.36373737373737
            ],
            [
              -3.7517647058823527,
              40.36339116350271
            ],
            [
              -3.7521163895510954,
              40.362929292929294
            ],
            [
              -3.752436974789916,
              40.36267263178275
            ],
            [
              -3.753109243697479,
              40.362307182179364
            ],
            [
              -3.753109302536306,
              40.36212121212122
            ],
            [
              -3.7531095575013715,
              40.36131313131313
            ],
            [
              -3.7531098151815647,
              40.360505050505054
            ],
            [
              -3.753110114328313,
              40.35969696969697
            ],
            [
              -3.753110431111041,
              40.35888888888889
            ],
            [
              -3.7531107773030317,
              40.35808080808081
            ],
            [
              -3.7531114165052584,
              40.35727272727273
            ],
            [
              -3.753112764110033,
              40.356464646464644
            ],
            [
              -3.753781512605042,
              40.35566122469069
            ],
            [
              -3.754453781512605,
              40.35566120776399
            ],
            [
              -3.755126050420168,
              40.355661191802156
            ],
            [
              -3.755798319327731,
              40.35566117664374
            ],
            [
              -3.756470588235294,
              40.355661162143484
            ],
            [
              -3.757142857142857,
              40.355661148169496
            ],
            [
              -3.7578151260504202,
              40.355661134600574
            ],
            [
              -3.758487394957983,
              40.35566112132397
            ],
            [
              -3.759159663865546,
              40.35566110823317
            ],
            [
              -3.759831932773109,
              40.355661095226
            ],
            [
              -3.7605042016806722,
              40.355661082202666
            ],
            [
              -3.7611764705882353,
              40.355661069064
            ],
            [
              -3.761848739495798,
              40.35566105570954
            ],
            [
              -3.762521008403361,
              40.35566104203564
            ],
            [
              -3.7631932773109242,
              40.35566102793336
            ],
            [
              -3.7638655462184873,
              40.355661013286195
            ],
            [
              -3.7645378151260505,
              40.35566099796745
            ],
            [
              -3.765210084033613,
              40.355660981837225
            ],
            [
              -3.7658823529411762,
              40.35566096473878
            ],
            [
              -3.7665546218487393,
              40.355660946494254
            ],
            [
              -3.7672268907563025,
              40.355660926899226
            ],
            [
              -3.7678991596638656,
              40.355660905716256
            ],
            [
              -3.7685714285714282,
              40.3556608826665
            ],
            [
              -3.7692436974789914,
              40.35566085741931
            ],
            [
              -3.7699159663865545,
              40.35566082957888
            ],
            [
              -3.7705882352941176,
              40.35566079866715
            ],
            [
              -3.7712605042016807,
              40.35566076410167
            ],
            [
              -3.7719327731092434,
              40.355660725167105
            ],
            [
              -3.772602055105705,
              40.356464646464644
            ],
            [
              -3.7726032982284994,
              40.35727272727273
            ],
            [
              -3.772604201037068,
              40.35808080808081
            ],
            [
              -3.772604608156357,
              40.35888888888889
            ],
            [
              -3.7726050420168065,
              40.35939415103784
            ],
            [
              -3.773091076578787,
              40.35969696969697
            ],
            [
              -3.7732773109243696,
              40.359924361660525
            ],
            [
              -3.7739495798319327,
              40.36048104834287
            ],
            [
              -3.773994407072283,
              40.360505050505054
            ],
            [
              -3.774621848739496,
              40.36074379788018
            ],
            [
              -3.7752941176470585,
              40.360785111945475
            ],
            [
              -3.7759663865546216,
              40.36084229070938
            ],
            [
              -3.7766386554621847,
              40.36092283048448
            ],
            [
              -3.777310924369748,
              40.36093423623796
            ],
            [
              -3.777983193277311,
              40.360811776238144
            ],
            [
              -3.7786554621848736,
              40.36071472204125
            ],
            [
              -3.7792167815434112,
              40.360505050505054
            ],
            [
              -3.7793277310924367,
              40.3604635891308
            ],
            [
              -3.78,
              40.36026210769665
            ],
            [
              -3.78,
              40.35969696969697
            ],
            [
              -3.78,
              40.35888888888889
            ],
            [
              -3.78,
              40.35808080808081
            ],
            [
              -3.78,
              40.35727272727273
            ],
            [
              -3.78,
              40.356464646464644
            ],
            [
              -3.78,
              40.35565656565657
            ],
            [
              -3.78,
              40.35484848484849
            ],
            [
              -3.78,
              40.35419872157569
            ],
            [
              -3.7793277310924367,
              40.3545662998082
            ]
          ]
        ]
      },
      "properties": {
        "nivel_min": 60.0,
        "nivel_max": 65.0,
        "rango_dBA": "60 - 65 dBA",
        "area_m2": 11628.75,
        "fill": "#FFA500",
        "fill-opacity": 0.65,
        "stroke": "#888888",
        "stroke-width": 0.5,
        "stroke-opacity": 1.0
      },
      "id": 1
    },
    {
      "type": "Feature",
      "geometry": {
        "type": "Polygon",
        "coordinates": [
          [
            [
              -3.7796335779971657,
              40.351616161616164
            ],
            [
              -3.7793277310924367,
              40.3517223526403
            ],
            [
              -3.7786554621848736,
              40.35187288725727
            ],
            [
              -3.777983193277311,
              40.3519571273325
            ],
            [
              -3.777310924369748,
              40.352028431756516
            ],
            [
              -3.7766386554621847,
              40.352070776512704
            ],
            [
              -3.7759663865546216,
              40.35211267777967
            ],
            [
              -3.7752941176470585,
              40.35213719647839
            ],
            [
              -3.774621848739496,
              40.352164929311826
            ],
            [
              -3.7739495798319327,
              40.35218041331178
            ],
            [
              -3.7732773109243696,
              40.352200303319314
            ],
            [
              -3.7726050420168065,
              40.35221068977574
            ],
            [
              -3.7719327731092434,
              40.35222581018126
            ],
            [
              -3.7712605042016807,
              40.352233099242284
            ],
            [
              -3.7705882352941176,
              40.352245111843025
            ],
            [
              -3.7699159663865545,
              40.35225041827146
            ],
            [
              -3.7692436974789914,
              40.3522602973276
            ],
            [
              -3.7685714285714282,
              40.352264289606055
            ],
            [
              -3.7678991596638656,
              40.3522726443505
            ],
            [
              -3.7672268907563025,
              40.35227574858523
            ],
            [
              -3.7665546218487393,
              40.3522829811649
            ],
            [
              -3.7658823529411762,
              40.35228548404526
            ],
            [
              -3.765210084033613,
              40.35229187299706
            ],
            [
              -3.7645378151260505,
              40.35229397752743
            ],
            [
              -3.7638655462184873,
              40.35229972483953
            ],
            [
              -3.7631932773109242,
              40.35230158240532
            ],
            [
              -3.762521008403361,
              40.35230684163722
            ],
            [
              -3.761848739495798,
              40.352308571555184
            ],
            [
              -3.7611764705882353,
              40.35231346562684
            ],
            [
              -3.7605042016806722,
              40.35231516781414
            ],
            [
              -3.759831932773109,
              40.35231980097971
            ],
            [
              -3.759159663865546,
              40.35232156476403
            ],
            [
              -3.758487394957983,
              40.352326031281066
            ],
            [
              -3.7578151260504202,
              40.35232794206923
            ],
            [
              -3.757142857142857,
              40.352332333041765
            ],
            [
              -3.756470588235294,
              40.352334477876646
            ],
            [
              -3.755798319327731,
              40.352338887188075
            ],
            [
              -3.755126050420168,
              40.35234135982951
            ],
            [
              -3.754453781512605,
              40.35234588973654
            ],
            [
              -3.753781512605042,
              40.35234879562131
            ],
            [
              -3.753109243697479,
              40.352353562295804
            ],
            [
              -3.752436974789916,
              40.352357023426606
            ],
            [
              -3.7517647058823527,
              40.352362162358496
            ],
            [
              -3.75109243697479,
              40.35236632167043
            ],
            [
              -3.750420168067227,
              40.35237199216502
            ],
            [
              -3.7497478991596638,
              40.35237701594039
            ],
            [
              -3.7490756302521007,
              40.35238340258566
            ],
            [
              -3.7484033613445376,
              40.352389477547966
            ],
            [
              -3.747731092436975,
              40.352396783864485
            ],
            [
              -3.7470588235294118,
              40.35240410192458
            ],
            [
              -3.7463865546218487,
              40.35241252657603
            ],
            [
              -3.7457142857142856,
              40.35242124404411
            ],
            [
              -3.7455057381458103,
              40.35242424242424
            ],
            [
              -3.745042016806723,
              40.35243350527931
            ],
            [
              -3.7443697478991598,
              40.35244762790987
            ],
            [
              -3.7436974789915967,
              40.35246302975681
            ],
            [
              -3.7430252100840335,
              40.35247910398799
            ],
            [
              -3.7423529411764704,
              40.352496047059
            ],
            [
              -3.7416806722689078,
              40.35251318950938
            ],
            [
              -3.7410084033613447,
              40.35253026461939
            ],
            [
              -3.7403361344537815,
              40.352546436698596
            ],
            [
              -3.7396638655462184,
              40.352560952896
            ],
            [
              -3.7389915966386553,
              40.35257289243786
            ],
            [
              -3.7383193277310927,
              40.35258128619742
            ],
            [
              -3.7376470588235295,
              40.35258556540278
            ],
            [
              -3.7369747899159664,
              40.352585111494925
            ],
            [
              -3.7363025210084033,
              40.35258023713418
            ],
            [
              -3.73563025210084,
              40.35257099461866
            ],
            [
              -3.7349579831932775,
              40.35255856878371
            ],
            [
              -3.7342857142857144,
              40.35254333302458
            ],
            [
              -3.7336134453781513,
              40.35252681260984
            ],
            [
              -3.732941176470588,
              40.35250913437971
            ],
            [
              -3.732268907563025,
              40.35249174216422
            ],
            [
              -3.7315966386554624,
              40.352474259141836
            ],
            [
              -3.7309243697478993,
              40.352457977384546
            ],
            [
              -3.730252100840336,
              40.3524420479827
            ],
            [
              -3.729579831932773,
              40.35242771546708
            ],
            [
              -3.729413446716703,
              40.35242424242424
            ],
            [
              -3.72890756302521,
              40.35241662580564
            ],
            [
              -3.7282352941176473,
              40.35240775467297
            ],
            [
              -3.727563025210084,
              40.35239880414606
            ],
            [
              -3.726890756302521,
              40.35239134349851
            ],
            [
              -3.726218487394958,
              40.352383423023355
            ],
            [
              -3.725546218487395,
              40.3523771977414
            ],
            [
              -3.724873949579832,
              40.35237010486365
            ],
            [
              -3.724201680672269,
              40.352364905992964
            ],
            [
              -3.723529411764706,
              40.352358431092235
            ],
            [
              -3.722857142857143,
              40.35235405480257
            ],
            [
              -3.7221848739495798,
              40.35234800326694
            ],
            [
              -3.721512605042017,
              40.352344264508915
            ],
            [
              -3.720840336134454,
              40.35233846166938
            ],
            [
              -3.720168067226891,
              40.35233519545176
            ],
            [
              -3.7194957983193278,
              40.35232948346159
            ],
            [
              -3.7188235294117646,
              40.35232654047703
            ],
            [
              -3.718151260504202,
              40.352320771520766
            ],
            [
              -3.717478991596639,
              40.35231801112795
            ],
            [
              -3.7168067226890757,
              40.35231203860199
            ],
            [
              -3.7161344537815126,
              40.352309320078234
            ],
            [
              -3.7154621848739495,
              40.35230298779271
            ],
            [
              -3.714789915966387,
              40.352300159480336
            ],
            [
              -3.7141176470588237,
              40.352293287774536
            ],
            [
              -3.7134453781512606,
              40.35229017263662
            ],
            [
              -3.7127731092436975,
              40.35228253900027
            ],
            [
              -3.7121008403361344,
              40.35227891361137
            ],
            [
              -3.7114285714285717,
              40.352270223287505
            ],
            [
              -3.7107563025210086,
              40.35226578459754
            ],
            [
              -3.7100840336134455,
              40.35225562250656
            ],
            [
              -3.7094117647058824,
              40.35224993117403
            ],
            [
              -3.7087394957983193,
              40.35223767762274
            ],
            [
              -3.7080672268907566,
              40.352230054292946
            ],
            [
              -3.7073949579831935,
              40.35221472634948
            ],
            [
              -3.7067226890756304,
              40.352204047091234
            ],
            [
              -3.7060504201680673,
              40.35218397544248
            ],
            [
              -3.705378151260504,
              40.3521682319996
            ],
            [
              -3.7047058823529415,
              40.35214033637832
            ],
            [
              -3.7040336134453784,
              40.35211558381833
            ],
            [
              -3.7033613445378153,
              40.35207353125147
            ],
            [
              -3.702689075630252,
              40.35203097006499
            ],
            [
              -3.702016806722689,
              40.351959518092244
            ],
            [
              -3.7013445378151264,
              40.351875072644
            ],
            [
              -3.7006722689075633,
              40.351724396524716
            ],
            [
              -3.700360757805173,
              40.351616161616164
            ],
            [
              -3.7,
              40.351538737548815
            ],
            [
              -3.7,
              40.351616161616164
            ],
            [
              -3.7,
              40.35242424242424
            ],
            [
              -3.7,
              40.35323232323233
            ],
            [
              -3.7,
              40.354040404040404
            ],
            [
              -3.7,
              40.35421305252936
            ],
            [
              -3.7006722689075633,
              40.354580644021645
            ],
            [
              -3.7013217463481514,
              40.35484848484849
            ],
            [
              -3.7013445378151264,
              40.354859331007475
            ],
            [
              -3.702016806722689,
              40.35511710556641
            ],
            [
              -3.702689075630252,
              40.355324898344406
            ],
            [
              -3.7033613445378153,
              40.35549667743056
            ],
            [
              -3.7040336134453784,
              40.35564149461563
            ],
            [
              -3.704115985418257,
              40.35565656565657
            ],
            [
              -3.7047058823529415,
              40.35578052809103
            ],
            [
              -3.705378151260504,
              40.35590234297392
            ],
            [
              -3.7060504201680673,
              40.35600873838474
            ],
            [
              -3.7067226890756304,
              40.35610264707154
            ],
            [
              -3.7073949579831935,
              40.356186313852625
            ],
            [
              -3.7080672268907566,
              40.356261496893765
            ],
            [
              -3.7087394957983193,
              40.356329601258714
            ],
            [
              -3.7094117647058824,
              40.35639177011517
            ],
            [
              -3.7100840336134455,
              40.35644894873406
            ],
            [
              -3.7107563025210086,
              40.355657092201
            ],
            [
              -3.7114285714285717,
              40.355657119181906
            ],
            [
              -3.7121008403361344,
              40.35565714411589
            ],
            [
              -3.7127731092436975,
              40.355657167351545
            ],
            [
              -3.7134453781512606,
              40.35565718918799
            ],
            [
              -3.7141176470588237,
              40.3556572098856
            ],
            [
              -3.714789915966387,
              40.35565722967485
            ],
            [
              -3.7154621848739495,
              40.3556572487633
            ],
            [
              -3.7161344537815126,
              40.35565726734165
            ],
            [
              -3.7168067226890757,
              40.35565728558868
            ],
            [
              -3.717478991596639,
              40.355657303675756
            ],
            [
              -3.718151260504202,
              40.35565732177084
            ],
            [
              -3.7188235294117646,
              40.35565734004224
            ],
            [
              -3.7194957983193278,
              40.35565735866224
            ],
            [
              -3.720168067226891,
              40.35565737781082
            ],
            [
              -3.720840336134454,
              40.35565739767937
            ],
            [
              -3.721512605042017,
              40.35565741847474
            ],
            [
              -3.7221848739495798,
              40.355657440423506
            ],
            [
              -3.722857142857143,
              40.35565746377665
            ],
            [
              -3.723529411764706,
              40.35565748881458
            ],
            [
              -3.724201680672269,
              40.35565751585251
            ],
            [
              -3.724873949579832,
              40.355657545246025
            ],
            [
              -3.725546218487395,
              40.35565757739658
            ],
            [
              -3.726218487394958,
              40.35565761275614
            ],
            [
              -3.726890186182348,
              40.356464646464644
            ],
            [
              -3.726890756302521,
              40.356846976147004
            ],
            [
              -3.7274996944789565,
              40.35727272727273
            ],
            [
              -3.727563025210084,
              40.35734935679269
            ],
            [
              -3.7282352941176473,
              40.35766488154825
            ],
            [
              -3.72890756302521,
              40.35794628093795
            ],
            [
              -3.7292619150561226,
              40.35808080808081
            ],
            [
              -3.729579831932773,
              40.35824447232033
            ],
            [
              -3.730252100840336,
              40.35864390757922
            ],
            [
              -3.7306190005580864,
              40.35888888888889
            ],
            [
              -3.7309243697478993,
              40.359235767972336
            ],
            [
              -3.731213325471725,
              40.35969696969697
            ],
            [
              -3.731487255583895,
              40.360505050505054
            ],
            [
              -3.7315548023196876,
              40.36131313131313
            ],
            [
              -3.7315966386554624,
              40.361752944631554
            ],
            [
              -3.7316272154930283,
              40.36212121212122
            ],
            [
              -3.7317921735522206,
              40.362929292929294
            ],
            [
              -3.731911642522083,
              40.36373737373737
            ],
            [
              -3.7321354897806884,
              40.36454545454546
            ],
            [
              -3.732268907563025,
              40.36490098393916
            ],
            [
              -3.7324392138135245,
              40.365353535353535
            ],
            [
              -3.7328802873678875,
              40.36616161616162
            ],
            [
              -3.732941176470588,
              40.366249383319044
            ],
            [
              -3.7329412174107373,
              40.36616161616162
            ],
            [
              -3.732941561552753,
              40.365353535353535
            ],
            [
              -3.732941868035792,
              40.36454545454546
            ],
            [
              -3.7329420743190127,
              40.36373737373737
            ],
            [
              -3.732942180554299,
              40.362929292929294
            ],
            [
              -3.732942197872918,
              40.36212121212122
            ],
            [
              -3.7329421207929068,
              40.36131313131313
            ],
            [
              -3.7329420543146177,
              40.360505050505054
            ],
            [
              -3.7329418941892234,
              40.35969696969697
            ],
            [
              -3.7329417623371413,
              40.35888888888889
            ],
            [
              -3.732941680542975,
              40.35808080808081
            ],
            [
              -3.7329418689771905,
              40.35727272727273
            ],
            [
              -3.732942419892481,
              40.356464646464644
            ],
            [
              -3.7336134453781513,
              40.355658353961495
            ],
            [
              -3.7342857142857144,
              40.35565844879764
            ],
            [
              -3.7349579831932775,
              40.35565853738766
            ],
            [
              -3.73563025210084,
              40.35565861319368
            ],
            [
              -3.7363025210084033,
              40.35565866931216
            ],
            [
              -3.7369747899159664,
              40.35565869980193
            ],
            [
              -3.7376470588235295,
              40.35565870114269
            ],
            [
              -3.7383193277310927,
              40.35565867322474
            ],
            [
              -3.7389915966386553,
              40.35565861938289
            ],
            [
              -3.7396638655462184,
              40.355658545456826
            ],
            [
              -3.7403361344537815,
              40.35565845834286
            ],
            [
              -3.7410084033613447,
              40.35565836464213
            ],
            [
              -3.7416806722689078,
              40.35565826979057
            ],
            [
              -3.7423529411764704,
              40.35565817773141
            ],
            [
              -3.7430252100840335,
              40.35565809098283
            ],
            [
              -3.7436974789915967,
              40.35565801090538
            ],
            [
              -3.7443697478991598,
              40.35565793801934
            ],
            [
              -3.745042016806723,
              40.35565787228951
            ],
            [
              -3.7457142857142856,
              40.35565781334686
            ],
            [
              -3.7463865546218487,
              40.355657760645585
            ],
            [
              -3.7470581907001645,
              40.356464646464644
            ],
            [
              -3.7470588235294118,
              40.357018188709134
            ],
            [
              -3.7477165888467066,
              40.35727272727273
            ],
            [
              -3.747731092436975,
              40.3572812892047
            ],
            [
              -3.7484033613445376,
              40.357426753238364
            ],
            [
              -3.7490756302521007,
              40.357456002865696
            ],
            [
              -3.7497478991596638,
              40.35745545871531
            ],
            [
              -3.750420168067227,
              40.35741869063768
            ],
            [
              -3.75109243697479,
              40.357341292634835
            ],
            [
              -3.7514427064879228,
              40.35727272727273
            ],
            [
              -3.7517647058823527,
              40.35718493489354
            ],
            [
              -3.752436974789916,
              40.35695965244881
            ],
            [
              -3.753109243697479,
              40.35668336945978
            ],
            [
              -3.7531096096359997,
              40.356464646464644
            ],
            [
              -3.753781512605042,
              40.355657434965345
            ],
            [
              -3.754453781512605,
              40.355657417958795
            ],
            [
              -3.755126050420168,
              40.355657401921675
            ],
            [
              -3.755798319327731,
              40.35565738669175
            ],
            [
              -3.756470588235294,
              40.355657372123105
            ],
            [
              -3.757142857142857,
              40.35565735808319
            ],
            [
              -3.7578151260504202,
              40.35565734445027
            ],
            [
              -3.758487394957983,
              40.35565733111105
            ],
            [
              -3.759159663865546,
              40.355657317958496
            ],
            [
              -3.759831932773109,
              40.35565730488997
            ],
            [
              -3.7605042016806722,
              40.3556572918052
            ],
            [
              -3.7611764705882353,
              40.35565727860456
            ],
            [
              -3.761848739495798,
              40.35565726518711
            ],
            [
              -3.762521008403361,
              40.35565725144871
            ],
            [
              -3.7631932773109242,
              40.35565723727991
            ],
            [
              -3.7638655462184873,
              40.35565722256366
            ],
            [
              -3.7645378151260505,
              40.35565720717265
            ],
            [
              -3.765210084033613,
              40.35565719096634
            ],
            [
              -3.7658823529411762,
              40.35565717378725
            ],
            [
              -3.7665546218487393,
              40.355657155456655
            ],
            [
              -3.7672268907563025,
              40.3556571357692
            ],
            [
              -3.7678991596638656,
              40.35565711448631
            ],
            [
              -3.7685714285714282,
              40.35565709132783
            ],
            [
              -3.7692436974789914,
              40.35565706596155
            ],
            [
              -3.7699159663865545,
              40.3556570379898
            ],
            [
              -3.7705882352941176,
              40.35565700693226
            ],
            [
              -3.7712605042016807,
              40.35565697220373
            ],
            [
              -3.7719327731092434,
              40.35565693308551
            ],
            [
              -3.7726050420168065,
              40.35615157275809
            ],
            [
              -3.7732773109243696,
              40.35607026020903
            ],
            [
              -3.7739495798319327,
              40.35597852642268
            ],
            [
              -3.774621848739496,
              40.355874140010656
            ],
            [
              -3.7752941176470585,
              40.35575417838107
            ],
            [
              -3.775763806176299,
              40.35565656565657
            ],
            [
              -3.7759663865546216,
              40.355619864965604
            ],
            [
              -3.7766386554621847,
              40.35547633811123
            ],
            [
              -3.777310924369748,
              40.35530570673416
            ],
            [
              -3.777983193277311,
              40.35509890371945
            ],
            [
              -3.7786385863885568,
              40.35484848484849
            ],
            [
              -3.7786554621848736,
              40.35484296272085
            ],
            [
              -3.7793277310924367,
              40.3545662998082
            ],
            [
              -3.78,
              40.35419872157569
            ],
            [
              -3.78,
              40.354040404040404
            ],
            [
              -3.78,
              40.35323232323233
            ],
            [
              -3.78,
              40.35242424242424
            ],
            [
              -3.78,
              40.351616161616164
            ],
            [
              -3.78,
              40.35153753165292
            ],
            [
              -3.7796335779971657,
              40.351616161616164
            ]
          ]
        ]
      },
      "properties": {
        "nivel_min": 65.0,
        "nivel_max": 70.0,
        "rango_dBA": "65 - 70 dBA",
        "area_m2": 14166.68,
        "fill": "#FF6347",
        "fill-opacity": 0.65,
        "stroke": "#888888",
        "stroke-width": 0.5,
        "stroke-opacity": 1.0
      },
      "id": 2
    },
    {
      "type": "Feature",
      "geometry": {
        "type": "Polygon",
        "coordinates": [
          [
            [
              -3.7793277310924367,
              40.35
            ],
            [
              -3.7792825422569387,
              40.35
            ],
            [
              -3.7786554621848736,
              40.35049966073956
            ],
            [
              -3.777983193277311,
              40.350056537514554
            ],
            [
              -3.777310924369748,
              40.350537067195575
            ],
            [
              -3.7766386554621847,
              40.350106287136875
            ],
            [
              -3.7759663865546216,
              40.35055401288623
            ],
            [
              -3.7752941176470585,
              40.35013426708331
            ],
            [
              -3.774621848739496,
              40.35056304961236
            ],
            [
              -3.7739495798319327,
              40.35015340657074
            ],
            [
              -3.7732773109243696,
              40.35056814405499
            ],
            [
              -3.7726050420168065,
              40.350168368162436
            ],
            [
              -3.7719327731092434,
              40.35057092014944
            ],
            [
              -3.7712605042016807,
              40.3501812178643
            ],
            [
              -3.7705882352941176,
              40.3505721612308
            ],
            [
              -3.7699159663865545,
              40.350192995664635
            ],
            [
              -3.7692436974789914,
              40.35057229061076
            ],
            [
              -3.7685714285714282,
              40.35020426962641
            ],
            [
              -3.7678991596638656,
              40.35057155715603
            ],
            [
              -3.7672268907563025,
              40.35021536580689
            ],
            [
              -3.7665546218487393,
              40.35057011725841
            ],
            [
              -3.7658823529411762,
              40.35022647567515
            ],
            [
              -3.765210084033613,
              40.350568074924595
            ],
            [
              -3.7645378151260505,
              40.350237711143905
            ],
            [
              -3.7638655462184873,
              40.35056550305077
            ],
            [
              -3.7631932773109242,
              40.350249134974334
            ],
            [
              -3.762521008403361,
              40.35056245552571
            ],
            [
              -3.761848739495798,
              40.35026077870024
            ],
            [
              -3.7611764705882353,
              40.35055897457178
            ],
            [
              -3.7605042016806722,
              40.35027265382698
            ],
            [
              -3.759831932773109,
              40.350555095493014
            ],
            [
              -3.759159663865546,
              40.35028475921444
            ],
            [
              -3.758487394957983,
              40.350550849964385
            ],
            [
              -3.7578151260504202,
              40.35029708619214
            ],
            [
              -3.757142857142857,
              40.35054626848355
            ],
            [
              -3.756470588235294,
              40.350309622257555
            ],
            [
              -3.755798319327731,
              40.350541382329574
            ],
            [
              -3.755126050420168,
              40.35032235382217
            ],
            [
              -3.754453781512605,
              40.35053622520143
            ],
            [
              -3.753781512605042,
              40.35033526822233
            ],
            [
              -3.753109243697479,
              40.35053083456833
            ],
            [
              -3.752436974789916,
              40.35034835501215
            ],
            [
              -3.7517647058823527,
              40.35052525260184
            ],
            [
              -3.75109243697479,
              40.350361606337806
            ],
            [
              -3.750420168067227,
              40.350519526321094
            ],
            [
              -3.7497478991596638,
              40.35037501590246
            ],
            [
              -3.7490756302521007,
              40.35051370620611
            ],
            [
              -3.7484033613445376,
              40.35038857562562
            ],
            [
              -3.747731092436975,
              40.35050784196665
            ],
            [
              -3.7470588235294118,
              40.350402268593
            ],
            [
              -3.7463865546218487,
              40.35050197342839
            ],
            [
              -3.7457142857142856,
              40.35041605647722
            ],
            [
              -3.745042016806723,
              40.35049611394609
            ],
            [
              -3.7443697478991598,
              40.35042985993509
            ],
            [
              -3.7436974789915967,
              40.350490224422835
            ],
            [
              -3.7430252100840335,
              40.35044353300399
            ],
            [
              -3.7423529411764704,
              40.350484180088905
            ],
            [
              -3.7416806722689078,
              40.350456839296534
            ],
            [
              -3.7410084033613447,
              40.35047774221775
            ],
            [
              -3.7403361344537815,
              40.350469449017965
            ],
            [
              -3.7396638655462184,
              40.350470561261155
            ],
            [
              -3.7389915966386553,
              40.350480983560175
            ],
            [
              -3.7383193277310927,
              40.35046224231752
            ],
            [
              -3.7376470588235295,
              40.350491119310256
            ],
            [
              -3.7369747899159664,
              40.35045247431751
            ],
            [
              -3.7363025210084033,
              40.35049971363106
            ],
            [
              -3.73563025210084,
              40.3504411628117
            ],
            [
              -3.7349579831932775,
              40.35050687145852
            ],
            [
              -3.7342857142857144,
              40.350428475464135
            ],
            [
              -3.7336134453781513,
              40.35051289781427
            ],
            [
              -3.732941176470588,
              40.350414767514835
            ],
            [
              -3.732268907563025,
              40.350518170676324
            ],
            [
              -3.7315966386554624,
              40.350400447769374
            ],
            [
              -3.7309243697478993,
              40.35052302061144
            ],
            [
              -3.730252100840336,
              40.35038587050449
            ],
            [
              -3.729579831932773,
              40.350527671729346
            ],
            [
              -3.72890756302521,
              40.35037129016346
            ],
            [
              -3.7282352941176473,
              40.35053224064764
            ],
            [
              -3.727563025210084,
              40.3503568653456
            ],
            [
              -3.726890756302521,
              40.35053676381785
            ],
            [
              -3.726218487394958,
              40.3503426838792
            ],
            [
              -3.725546218487395,
              40.3505412286579
            ],
            [
              -3.724873949579832,
              40.35032878931374
            ],
            [
              -3.724201680672269,
              40.35054559751358
            ],
            [
              -3.723529411764706,
              40.35031520088619
            ],
            [
              -3.722857142857143,
              40.350549822698724
            ],
            [
              -3.7221848739495798,
              40.35030192596896
            ],
            [
              -3.721512605042017,
              40.350553854503
            ],
            [
              -3.720840336134454,
              40.350288966539516
            ],
            [
              -3.720168067226891,
              40.35055764457473
            ],
            [
              -3.7194957983193278,
              40.3502763214866
            ],
            [
              -3.7188235294117646,
              40.350561146509826
            ],
            [
              -3.718151260504202,
              40.35026398606894
            ],
            [
              -3.717478991596639,
              40.35056431475098
            ],
            [
              -3.7168067226890757,
              40.35025194921506
            ],
            [
              -3.7161344537815126,
              40.35056710230268
            ],
            [
              -3.7154621848739495,
              40.35024018875632
            ],
            [
              -3.714789915966387,
              40.350569457293254
            ],
            [
              -3.7141176470588237,
              40.35022866406377
            ],
            [
              -3.7134453781512606,
              40.35057131795932
            ],
            [
              -3.7127731092436975,
              40.35021730471822
            ],
            [
              -3.7121008403361344,
              40.35057260501443
            ],
            [
              -3.7114285714285717,
              40.350205992397036
            ],
            [
              -3.7107563025210086,
              40.35057320927509
            ],
            [
              -3.7100840336134455,
              40.350194530266855
            ],
            [
              -3.7094117647058824,
              40.35057297014974
            ],
            [
              -3.7087394957983193,
              40.35018258775286
            ],
            [
              -3.7080672268907566,
              40.35057163534762
            ],
            [
              -3.7073949579831935,
              40.35016959292277
            ],
            [
              -3.7067226890756304,
              40.35056877873505
            ],
            [
              -3.7060504201680673,
              40.35015450234253
            ],
            [
              -3.705378151260504,
              40.350563614594
            ],
            [
              -3.7047058823529415,
              40.350135246651824
            ],
            [
              -3.7040336134453784,
              40.35055451685035
            ],
            [
              -3.7033613445378153,
              40.35010715931358
            ],
            [
              -3.702689075630252,
              40.35053751655929
            ],
            [
              -3.702016806722689,
              40.35005730430674
            ],
            [
              -3.7013445378151264,
              40.35050005831552
            ],
            [
              -3.7007170172645916,
              40.35
            ],
            [
              -3.7006722689075633,
              40.35
            ],
            [
              -3.7006191683911838,
              40.35
            ],
            [
              -3.7,
              40.35037886337878
            ],
            [
              -3.7,
              40.35080808080808
            ],
            [
              -3.7,
              40.351538737548815
            ],
            [
              -3.700360757805173,
              40.351616161616164
            ],
            [
              -3.7006722689075633,
              40.351724396524716
            ],
            [
              -3.7013445378151264,
              40.351875072644
            ],
            [
              -3.702016806722689,
              40.351959518092244
            ],
            [
              -3.702689075630252,
              40.35203097006499
            ],
            [
              -3.7033613445378153,
              40.35207353125147
            ],
            [
              -3.7040336134453784,
              40.35211558381833
            ],
            [
              -3.7047058823529415,
              40.35214033637832
            ],
            [
              -3.705378151260504,
              40.3521682319996
            ],
            [
              -3.7060504201680673,
              40.35218397544248
            ],
            [
              -3.7067226890756304,
              40.352204047091234
            ],
            [
              -3.7073949579831935,
              40.35221472634948
            ],
            [
              -3.7080672268907566,
              40.352230054292946
            ],
            [
              -3.7087394957983193,
              40.35223767762274
            ],
            [
              -3.7094117647058824,
              40.35224993117403
            ],
            [
              -3.7100840336134455,
              40.35225562250656
            ],
            [
              -3.7107563025210086,
              40.35226578459754
            ],
            [
              -3.7114285714285717,
              40.352270223287505
            ],
            [
              -3.7121008403361344,
              40.35227891361137
            ],
            [
              -3.7127731092436975,
              40.35228253900027
            ],
            [
              -3.7134453781512606,
              40.35229017263662
            ],
            [
              -3.7141176470588237,
              40.352293287774536
            ],
            [
              -3.714789915966387,
              40.352300159480336
            ],
            [
              -3.7154621848739495,
              40.35230298779271
            ],
            [
              -3.7161344537815126,
              40.352309320078234
            ],
            [
              -3.7168067226890757,
              40.35231203860199
            ],
            [
              -3.717478991596639,
              40.35231801112795
            ],
            [
              -3.718151260504202,
              40.352320771520766
            ],
            [
              -3.7188235294117646,
              40.35232654047703
            ],
            [
              -3.7194957983193278,
              40.35232948346159
            ],
            [
              -3.720168067226891,
              40.35233519545176
            ],
            [
              -3.720840336134454,
              40.35233846166938
            ],
            [
              -3.721512605042017,
              40.352344264508915
            ],
            [
              -3.7221848739495798,
              40.35234800326694
            ],
            [
              -3.722857142857143,
              40.35235405480257
            ],
            [
              -3.723529411764706,
              40.352358431092235
            ],
            [
              -3.724201680672269,
              40.352364905992964
            ],
            [
              -3.724873949579832,
              40.35237010486365
            ],
            [
              -3.725546218487395,
              40.3523771977414
            ],
            [
              -3.726218487394958,
              40.352383423023355
            ],
            [
              -3.726890756302521,
              40.35239134349851
            ],
            [
              -3.727563025210084,
              40.35239880414606
            ],
            [
              -3.7282352941176473,
              40.35240775467297
            ],
            [
              -3.72890756302521,
              40.35241662580564
            ],
            [
              -3.729413446716703,
              40.35242424242424
            ],
            [
              -3.729579831932773,
              40.35242771546708
            ],
            [
              -3.730252100840336,
              40.3524420479827
            ],
            [
              -3.7309243697478993,
              40.352457977384546
            ],
            [
              -3.7315966386554624,
              40.352474259141836
            ],
            [
              -3.732268907563025,
              40.35249174216422
            ],
            [
              -3.732941176470588,
              40.35250913437971
            ],
            [
              -3.7336134453781513,
              40.35252681260984
            ],
            [
              -3.7342857142857144,
              40.35254333302458
            ],
            [
              -3.7349579831932775,
              40.35255856878371
            ],
            [
              -3.73563025210084,
              40.35257099461866
            ],
            [
              -3.7363025210084033,
              40.35258023713418
            ],
            [
              -3.7369747899159664,
              40.352585111494925
            ],
            [
              -3.7376470588235295,
              40.35258556540278
            ],
            [
              -3.7383193277310927,
              40.35258128619742
            ],
            [
              -3.7389915966386553,
              40.35257289243786
            ],
            [
              -3.7396638655462184,
              40.352560952896
            ],
            [
              -3.7403361344537815,
              40.352546436698596
            ],
            [
              -3.7410084033613447,
              40.35253026461939
            ],
            [
              -3.7416806722689078,
              40.35251318950938
            ],
            [
              -3.7423529411764704,
              40.352496047059
            ],
            [
              -3.7430252100840335,
              40.35247910398799
            ],
            [
              -3.7436974789915967,
              40.35246302975681
            ],
            [
              -3.7443697478991598,
              40.35244762790987
            ],
            [
              -3.745042016806723,
              40.35243350527931
            ],
            [
              -3.7455057381458103,
              40.35242424242424
            ],
            [
              -3.7457142857142856,
              40.35242124404411
            ],
            [
              -3.7463865546218487,
              40.35241252657603
            ],
            [
              -3.7470588235294118,
              40.35240410192458
            ],
            [
              -3.747731092436975,
              40.352396783864485
            ],
            [
              -3.7484033613445376,
              40.352389477547966
            ],
            [
              -3.7490756302521007,
              40.35238340258566
            ],
            [
              -3.7497478991596638,
              40.35237701594039
            ],
            [
              -3.750420168067227,
              40.35237199216502
            ],
            [
              -3.75109243697479,
              40.35236632167043
            ],
            [
              -3.7517647058823527,
              40.352362162358496
            ],
            [
              -3.752436974789916,
              40.352357023426606
            ],
            [
              -3.753109243697479,
              40.352353562295804
            ],
            [
              -3.753781512605042,
              40.35234879562131
            ],
            [
              -3.754453781512605,
              40.35234588973654
            ],
            [
              -3.755126050420168,
              40.35234135982951
            ],
            [
              -3.755798319327731,
              40.352338887188075
            ],
            [
              -3.756470588235294,
              40.352334477876646
            ],
            [
              -3.757142857142857,
              40.352332333041765
            ],
            [
              -3.7578151260504202,
              40.35232794206923
            ],
            [
              -3.758487394957983,
              40.352326031281066
            ],
            [
              -3.759159663865546,
              40.35232156476403
            ],
            [
              -3.759831932773109,
              40.35231980097971
            ],
            [
              -3.7605042016806722,
              40.35231516781414
            ],
            [
              -3.7611764705882353,
              40.35231346562684
            ],
            [
              -3.761848739495798,
              40.352308571555184
            ],
            [
              -3.762521008403361,
              40.35230684163722
            ],
            [
              -3.7631932773109242,
              40.35230158240532
            ],
            [
              -3.7638655462184873,
              40.35229972483953
            ],
            [
              -3.7645378151260505,
              40.35229397752743
            ],
            [
              -3.765210084033613,
              40.35229187299706
            ],
            [
              -3.7658823529411762,
              40.35228548404526
            ],
            [
              -3.7665546218487393,
              40.3522829811649
            ],
            [
              -3.7672268907563025,
              40.35227574858523
            ],
            [
              -3.7678991596638656,
              40.3522726443505
            ],
            [
              -3.7685714285714282,
              40.352264289606055
            ],
            [
              -3.7692436974789914,
              40.3522602973276
            ],
            [
              -3.7699159663865545,
              40.35225041827146
            ],
            [
              -3.7705882352941176,
              40.352245111843025
            ],
            [
              -3.7712605042016807,
              40.352233099242284
            ],
            [
              -3.7719327731092434,
              40.35222581018126
            ],
            [
              -3.7726050420168065,
              40.35221068977574
            ],
            [
              -3.7732773109243696,
              40.352200303319314
            ],
            [
              -3.7739495798319327,
              40.35218041331178
            ],
            [
              -3.774621848739496,
              40.352164929311826
            ],
            [
              -3.7752941176470585,
              40.35213719647839
            ],
            [
              -3.7759663865546216,
              40.35211267777967
            ],
            [
              -3.7766386554621847,
              40.352070776512704
            ],
            [
              -3.777310924369748,
              40.352028431756516
            ],
            [
              -3.777983193277311,
              40.3519571273325
            ],
            [
              -3.7786554621848736,
              40.35187288725727
            ],
            [
              -3.7793277310924367,
              40.3517223526403
            ],
            [
              -3.7796335779971657,
              40.351616161616164
            ],
            [
              -3.78,
              40.35153753165292
            ],
            [
              -3.78,
              40.35080808080808
            ],
            [
              -3.78,
              40.35037852627825
            ],
            [
              -3.779381351402047,
              40.35
            ],
            [
              -3.7793277310924367,
              40.35
            ]
          ]
        ]
      },
      "properties": {
        "nivel_min": 70.0,
        "nivel_max": 75.0,
        "rango_dBA": "70 - 75 dBA",
        "area_m2": 7127.01,
        "fill": "#DC143C",
        "fill-opacity": 0.65,
        "stroke": "#888888",
        "stroke-width": 0.5,
        "stroke-opacity": 1.0
      },
      "id": 3
    }
  ]
}