{
  "type": "FeatureCollection",
  "features": [
    {
      "type": "Feature",
      "geometry": {
        "type": "MultiPolygon",
        "coordinates": [
          [
            [
              [
                5.042016806722689,
                0.0
              ],
              [
                10.084033613445378,
                0.0
              ],
              [
                15.126050420168067,
                0.0
              ],
              [
                20.168067226890756,
                0.0
              ],
              [
                25.210084033613445,
                0.0
              ],
              [
                30.252100840336134,
                0.0
              ],
              [
                35.294117647058826,
                0.0
              ],
              [
                40.33613445378151,
                0.0
              ],
              [
                45.3781512605042,
                0.0
              ],
              [
                50.42016806722689,
                0.0
              ],
              [
                55.46218487394958,
                0.0
              ],
              [
                60.50420168067227,
                0.0
              ],
              [
                65.54621848739495,
                0.0
              ],
              [
                70.58823529411765,
                0.0
              ],
              [
                75.63025210084034,
                0.0
              ],
              [
                80.67226890756302,
                0.0
              ],
              [
                85.71428571428571,
                0.0
              ],
              [
                90.7563025210084,
                0.0
              ],
              [
                95.7983193277311,
                0.0
              ],
              [
                100.84033613445378,
                0.0
              ],
              [
                105.88235294117646,
                0.0
              ],
              [
                110.92436974789916,
                0.0
              ],
              [
                115.96638655462185,
                0.0
              ],
              [
                121.00840336134453,
                0.0
              ],
              [
                126.05042016806722,
                0.0
              ],
              [
                131.0924369747899,
                0.0
              ],
              [
                136.1344537815126,
                0.0
              ],
              [
                141.1764705882353,
                0.0
              ],
              [
                146.21848739495798,
                0.0
              ],
              [
                151.26050420168067,
                0.0
              ],
              [
                156.30252100840335,
                0.0
              ],
              [
                161.34453781512605,
                0.0
              ],
              [
                166.38655462184875,
                0.0
              ],
              [
                171.42857142857142,
                0.0
              ],
              [
                176.47058823529412,
                0.0
              ],
              [
                181.5126050420168,
                0.0
              ],
              [
                186.5546218487395,
                0.0
              ],
              [
                191.5966386554622,
                0.0
              ],
              [
                196.63865546218486,
                0.0
              ],
              [
                201.68067226890756,
                0.0
              ],
              [
                206.72268907563026,
                0.0
              ],
              [
                211.76470588235293,
                0.0
              ],
              [
                216.80672268907563,
                0.0
              ],
              [
                221.84873949579833,
                0.0
              ],
              [
                226.890756302521,
                0.0
              ],
              [
                231.9327731092437,
                0.0
              ],
              [
                236.97478991596637,
                0.0
              ],
              [
                242.01680672268907,
                0.0
              ],
              [
                247.05882352941177,
                0.0
              ],
              [
                252.10084033613444,
                0.0
              ],
              [
                257.1428571428571,
                0.0
              ],
              [
                262.1848739495798,
                0.0
              ],
              [
                267.2268907563025,
                0.0
              ],
              [
                272.2689075630252,
                0.0
              ],
              [
                277.3109243697479,
                0.0
              ],
              [
                282.3529411764706,
                0.0
              ],
              [
                287.39495798319325,
                0.0
              ],
              [
                292.43697478991595,
                0.0
              ],
              [
                297.47899159663865,
                0.0
              ],
              [
                302.52100840336135,
                0.0
              ],
              [
                307.56302521008405,
                0.0
              ],
              [
                312.6050420168067,
                0.0
              ],
              [
                317.6470588235294,
                0.0
              ],
              [
                322.6890756302521,
                0.0
              ],
              [
                327.7310924369748,
                0.0
              ],
              [
                332.7731092436975,
                0.0
              ],
              [
                337.81512605042013,
                0.0
              ],
              [
                342.85714285714283,
                0.0
              ],
              [
                347.89915966386553,
                0.0
              ],
              [
                352.94117647058823,
                0.0
              ],
              [
                357.98319327731093,
                0.0
              ],
              [
                363.0252100840336,
                0.0
              ],
              [
                368.0672268907563,
                0.0
              ],
              [
                373.109243697479,
                0.0
              ],
              [
                378.1512605042017,
                0.0
              ],
              [
                383.1932773109244,
                0.0
              ],
              [
                388.2352941176471,
                0.0
              ],
              [
                393.2773109243697,
                0.0
              ],
              [
                398.3193277310924,
                0.0
              ],
              [
                403.3613445378151,
                0.0
              ],
              [
                408.4033613445378,
                0.0
              ],
              [
                413.4453781512605,
                0.0
              ],
              [
                418.48739495798316,
                0.0
              ],
              [
                423.52941176470586,
                0.0
              ],
              [
                428.57142857142856,
                0.0
              ],
              [
                433.61344537815125,
                0.0
              ],
              [
                438.65546218487395,
                0.0
              ],
              [
                443.69747899159665,
                0.0
              ],
              [
                448.7394957983193,
                0.0
              ],
              [
                453.781512605042,
                0.0
              ],
              [
                458.8235294117647,
                0.0
              ],
              [
                463.8655462184874,
                0.0
              ],
              [
                468.9075630252101,
                0.0
              ],
              [
                473.94957983193274,
                0.0
              ],
              [
                478.99159663865544,
                0.0
              ],
              [
                484.03361344537814,
                0.0
              ],
              [
                489.07563025210084,
                0.0
              ],
              [
                494.11764705882354,
                0.0
              ],
              [
                499.1596638655462,
                0.0
              ],
              [
                504.2016806722689,
                0.0
              ],
              [
                509.2436974789916,
                0.0
              ],
              [
                514.2857142857142,
                0.0
              ],
              [
                519.3277310924369,
                0.0
              ],
              [
                524.3697478991596,
                0.0
              ],
              [
                529.4117647058823,
                0.0
              ],
              [
                534.453781512605,
                0.0
              ],
              [
                539.4957983193277,
                0.0
              ],
              [
                544.5378151260504,
                0.0
              ],
              [
                549.5798319327731,
                0.0
              ],
              [
                554.6218487394958,
                0.0
              ],
              [
                559.6638655462185,
                0.0
              ],
              [
                564.7058823529412,
                0.0
              ],
              [
                569.7478991596638,
                0.0
              ],
              [
                574.7899159663865,
                0.0
              ],
              [
                579.8319327731092,
                0.0
              ],
              [
                584.8739495798319,
                0.0
              ],
              [
                589.9159663865546,
                0.0
              ],
              [
                594.9579831932773,
                0.0
              ],
              [
                600.0,
                0.0
              ],
              [
                600.0,
                5.05050505050505
              ],
              [
                600.0,
                9.617109680076073
              ],
              [
                597.2943164612036,
                10.1010101010101
              ],
              [
                594.9579831932772,
                10.777478279485106
              ],
              [
                589.9159663865546,
                11.719204024975376
              ],
              [
                584.8739495798319,
                12.246988076505698
              ],
              [
                579.8319327731092,
                12.69356290618094
              ],
              [
                574.7899159663865,
                12.95957032170197
              ],
              [
                569.7478991596638,
                13.222398864559782
              ],
              [
                564.7058823529412,
                13.377102364506865
              ],
              [
                559.6638655462185,
                13.551449997485275
              ],
              [
                554.6218487394958,
                13.649846515467127
              ],
              [
                549.5798319327731,
                13.77529432020761
              ],
              [
                544.5378151260504,
                13.84203968424743
              ],
              [
                539.4957983193277,
                13.937839330920314
              ],
              [
                534.453781512605,
                13.985485142102782
              ],
              [
                529.4117647058823,
                14.062069837685318
              ],
              [
                524.3697478991596,
                14.097640666004471
              ],
              [
                519.3277310924369,
                14.16115373464573
              ],
              [
                514.2857142857142,
                14.188895546906467
              ],
              [
                509.2436974789915,
                14.24321007105575
              ],
              [
                504.2016806722689,
                14.265868751704321
              ],
              [
                499.1596638655462,
                14.31357897889083
              ],
              [
                494.11764705882354,
                14.333048590827998
              ],
              [
                489.07563025210084,
                14.37599675209452
              ],
              [
                484.03361344537814,
                14.393673704449522
              ],
              [
                478.99159663865544,
                14.433250488969374
              ],
              [
                473.94957983193274,
                14.45024126242007
              ],
              [
                468.9075630252101,
                14.487569549667109
              ],
              [
                463.86554621848745,
                14.504822004767519
              ],
              [
                458.8235294117647,
                14.540877981439769
              ],
              [
                453.781512605042,
                14.55927163492018
              ],
              [
                448.73949579831935,
                14.594971573483596
              ],
              [
                443.69747899159665,
                14.615385433655204
              ],
              [
                438.65546218487395,
                14.651653180697226
              ],
              [
                433.61344537815125,
                14.67502041836787
              ],
              [
                428.57142857142856,
                14.712842516048074
              ],
              [
                423.52941176470586,
                14.740194326477864
              ],
              [
                418.48739495798316,
                14.780662456006093
              ],
              [
                413.4453781512605,
                14.813155397813894
              ],
              [
                408.4033613445378,
                14.857485883712352
              ],
              [
                403.3613445378151,
                14.896393895942452
              ],
              [
                398.3193277310924,
                14.945896865677348
              ],
              [
                393.2773109243697,
                14.992525912883108
              ],
              [
                388.2352941176471,
                15.048466706051514
              ],
              [
                383.1932773109244,
                15.103911285209815
              ],
              [
                379.39914962472915,
                15.15151515151515
              ],
              [
                378.1512605042017,
                15.173221669231893
              ],
              [
                373.109243697479,
                15.262799891839762
              ],
              [
                368.06722689075633,
                15.362358653397497
              ],
              [
                363.0252100840336,
                15.464119636457266
              ],
              [
                357.98319327731093,
                15.573388526343107
              ],
              [
                352.94117647058823,
                15.68208987316099
              ],
              [
                347.89915966386553,
                15.792578811489356
              ],
              [
                342.85714285714283,
                15.895831403583232
              ],
              [
                337.81512605042013,
                15.991054898166094
              ],
              [
                332.7731092436975,
                16.068716366631538
              ],
              [
                327.7310924369748,
                16.12648208857593
              ],
              [
                322.6890756302521,
                16.15694684329257
              ],
              [
                317.6470588235294,
                16.159783767360913
              ],
              [
                312.6050420168067,
                16.133038733876308
              ],
              [
                307.56302521008405,
                16.080577736645758
              ],
              [
                302.52100840336135,
                16.005955599977426
              ],
              [
                297.4789915966386,
                15.915229366199119
              ],
              [
                292.43697478991595,
                15.814153871185065
              ],
              [
                287.39495798319325,
                15.70743443360408
              ],
              [
                282.3529411764706,
                15.60029411874211
              ],
              [
                277.3109243697479,
                15.494399924902977
              ],
              [
                272.2689075630252,
                15.393935980075911
              ],
              [
                267.2268907563025,
                15.297674436664593
              ],
              [
                262.1848739495798,
                15.209407995654168
              ],
              [
                258.70696390642274,
                15.151515151515149
              ],
              [
                257.1428571428571,
                15.132775275669296
              ],
              [
                252.10084033613444,
                15.078291100177688
              ],
              [
                247.05882352941177,
                15.025637028580979
              ],
              [
                242.01680672268907,
                14.979899153043991
              ],
              [
                236.97478991596637,
                14.934234674790059
              ],
              [
                231.9327731092437,
                14.896266160341794
              ],
              [
                226.890756302521,
                14.856349627421872
              ],
              [
                221.84873949579833,
                14.824951031339937
              ],
              [
                216.80672268907563,
                14.789510440189312
              ],
              [
                211.76470588235293,
                14.763514740608448
              ],
              [
                206.72268907563026,
                14.731396416286607
              ],
              [
                201.68067226890756,
                14.709764348785214
              ],
              [
                196.6386554621849,
                14.679972633186383
              ],
              [
                191.5966386554622,
                14.66181085338874
              ],
              [
                186.5546218487395,
                14.63349893444012
              ],
              [
                181.5126050420168,
                14.61804492548131
              ],
              [
                176.47058823529412,
                14.590486729018705
              ],
              [
                171.42857142857142,
                14.577081511011825
              ],
              [
                166.38655462184875,
                14.549637932677307
              ],
              [
                161.34453781512605,
                14.537695506663225
              ],
              [
                156.30252100840335,
                14.50977977519301
              ],
              [
                151.26050420168067,
                14.49875612316572
              ],
              [
                146.21848739495798,
                14.469798838355652
              ],
              [
                141.1764705882353,
                14.45916016776219
              ],
              [
                136.1344537815126,
                14.428572219883806
              ],
              [
                131.0924369747899,
                14.417760232652231
              ],
              [
                126.05042016806723,
                14.38489003320895
              ],
              [
                121.00840336134453,
                14.373280247063978
              ],
              [
                115.96638655462185,
                14.337359546432289
              ],
              [
                110.92436974789916,
                14.324206231583432
              ],
              [
                105.88235294117646,
                14.284275282879216
              ],
              [
                100.84033613445378,
                14.268632280592067
              ],
              [
                95.7983193277311,
                14.223428657673296
              ],
              [
                90.7563025210084,
                14.204027190593258
              ],
              [
                85.71428571428571,
                14.15181003783057
              ],
              [
                80.67226890756302,
                14.126858297462633
              ],
              [
                75.63025210084034,
                14.06511419662462
              ],
              [
                70.58823529411765,
                14.031949018881722
              ],
              [
                65.54621848739495,
                13.956870264256422
              ],
              [
                60.50420168067227,
                13.911313632843477
              ],
              [
                55.46218487394958,
                13.8168110983773
              ],
              [
                50.42016806722689,
                13.751895745728458
              ],
              [
                45.3781512605042,
                13.627583198622421
              ],
              [
                40.33613445378151,
                13.530808198915947
              ],
              [
                35.294117647058826,
                13.357477989903588
              ],
              [
                30.252100840336134,
                13.204236122949641
              ],
              [
                25.210084033613445,
                12.942353204382055
              ],
              [
                20.168067226890756,
                12.6776984782321
              ],
              [
                15.126050420168067,
                12.232045828093604
              ],
              [
                10.084033613445378,
                11.705545357934117
              ],
              [
                5.042016806722689,
                10.764704001887756
              ],
              [
                2.748165021256409,
                10.1010101010101
              ],
              [
                0.0,
                9.609572830761328
              ],
              [
                0.0,
                5.05050505050505
              ],
              [
                0.0,
                0.0
              ],
              [
                5.042016806722689,
                0.0
              ]
            ]
          ]
        ]
      },
      "properties": {
        "umbral_dBA": 70.0,
        "descripcion": "Zona con excedencia > 70 dBA",
        "area_m2": 8652.2,
        "fill": "#FF6347",
        "fill-opacity": 0.35,
        "stroke": "#FF6347",
        "stroke-width": 1.5,
        "stroke-opacity": 0.8
      },
      "id": 0
    },
    {
      "type": "Feature",
      "geometry": {
        "type": "MultiPolygon",
        "coordinates": [
          [
            [
              [
                5.042016806722689,
                0.0
              ],
              [
                10.084033613445378,
                0.0
              ],
              [
                15.126050420168067,
                0.0
              ],
              [
                20.168067226890756,
                0.0
              ],
              [
                25.210084033613445,
                0.0
              ],
              [
                30.252100840336134,
                0.0
              ],
              [
                35.294117647058826,
                0.0
              ],
              [
                40.33613445378151,
                0.0
              ],
              [
                45.3781512605042,
                0.0
              ],
              [
                50.42016806722689,
                0.0
              ],
              [
                55.46218487394958,
                0.0
              ],
              [
                60.50420168067227,
                0.0
              ],
              [
                65.54621848739495,
                0.0
              ],
              [
                70.58823529411765,
                0.0
              ],
              [
                75.63025210084034,
                0.0
              ],
              [
                80.67226890756302,
                0.0
              ],
              [
                85.71428571428571,
                0.0
              ],
              [
                90.7563025210084,
                0.0
              ],
              [
                95.7983193277311,
                0.0
              ],
              [
                100.84033613445378,
                0.0
              ],
              [
                105.88235294117646,
                0.0
              ],
              [
                110.92436974789916,
                0.0
              ],
              [
                115.96638655462185,
                0.0
              ],
              [
                121.00840336134453,
                0.0
              ],
              [
                126.05042016806722,
                0.0
              ],
              [
                131.0924369747899,
                0.0
              ],
              [
                136.1344537815126,
                0.0
              ],
              [
                141.1764705882353,
                0.0
              ],
              [
                146.21848739495798,
                0.0
              ],
              [
                151.26050420168067,
                0.0
              ],
              [
                156.30252100840335,
                0.0
              ],
              [
                161.34453781512605,
                0.0
              ],
              [
                166.38655462184875,
                0.0
              ],
              [
                171.42857142857142,
                0.0
              ],
              [
                176.47058823529412,
                0.0
              ],
              [
                181.5126050420168,
                0.0
              ],
              [
                186.5546218487395,
                0.0
              ],
              [
                191.5966386554622,
                0.0
              ],
              [
                196.63865546218486,
                0.0
              ],
              [
                201.68067226890756,
                0.0
              ],
              [
                206.72268907563026,
                0.0
              ],
              [
                211.76470588235293,
                0.0
              ],
              [
                216.80672268907563,
                0.0
              ],
              [
                221.84873949579833,
                0.0
              ],
              [
                226.890756302521,
                0.0
              ],
              [
                231.9327731092437,
                0.0
              ],
              [
                236.97478991596637,
                0.0
              ],
              [
                242.01680672268907,
                0.0
              ],
              [
                247.05882352941177,
                0.0
              ],
              [
                252.10084033613444,
                0.0
              ],
              [
                257.1428571428571,
                0.0
              ],
              [
                262.1848739495798,
                0.0
              ],
              [
                267.2268907563025,
                0.0
              ],
              [
                272.2689075630252,
                0.0
              ],
              [
                277.3109243697479,
                0.0
              ],
              [
                282.3529411764706,
                0.0
              ],
              [
                287.39495798319325,
                0.0
              ],
              [
                292.43697478991595,
                0.0
              ],
              [
                297.47899159663865,
                0.0
              ],
              [
                302.52100840336135,
                0.0
              ],
              [
                307.56302521008405,
                0.0
              ],
              [
                312.6050420168067,
                0.0
              ],
              [
                317.6470588235294,
                0.0
              ],
              [
                322.6890756302521,
                0.0
              ],
              [
                327.7310924369748,
                0.0
              ],
              [
                332.7731092436975,
                0.0
              ],
              [
                337.81512605042013,
                0.0
              ],
              [
                342.85714285714283,
                0.0
              ],
              [
                347.89915966386553,
                0.0
              ],
              [
                352.94117647058823,
                0.0
              ],
              [
                357.98319327731093,
                0.0
              ],
              [
                363.0252100840336,
                0.0
              ],
              [
                368.0672268907563,
                0.0
              ],
              [
                373.109243697479,
                0.0
              ],
              [
                378.1512605042017,
                0.0
              ],
              [
                383.1932773109244,
                0.0
              ],
              [
                388.2352941176471,
                0.0
              ],
              [
                393.2773109243697,
                0.0
              ],
              [
                398.3193277310924,
                0.0
              ],
              [
                403.3613445378151,
                0.0
              ],
              [
                408.4033613445378,
                0.0
              ],
              [
                413.4453781512605,
                0.0
              ],
              [
                418.48739495798316,
                0.0
              ],
              [
                423.52941176470586,
                0.0
              ],
              [
                428.57142857142856,
                0.0
              ],
              [
                433.61344537815125,
                0.0
              ],
              [
                438.65546218487395,
                0.0
              ],
              [
                443.69747899159665,
                0.0
              ],
              [
                448.7394957983193,
                0.0
              ],
              [
                453.781512605042,
                0.0
              ],
              [
                458.8235294117647,
                0.0
              ],
              [
                463.8655462184874,
                0.0
              ],
              [
                468.9075630252101,
                0.0
              ],
              [
                473.94957983193274,
                0.0
              ],
              [
                478.99159663865544,
                0.0
              ],
              [
                484.03361344537814,
                0.0
              ],
              [
                489.07563025210084,
                0.0
              ],
              [
                494.11764705882354,
                0.0
              ],
              [
                499.1596638655462,
                0.0
              ],
              [
                504.2016806722689,
                0.0
              ],
              [
                509.2436974789916,
                0.0
              ],
              [
                514.2857142857142,
                0.0
              ],
              [
                519.3277310924369,
                0.0
              ],
              [
                524.3697478991596,
                0.0
              ],
              [
                529.4117647058823,
                0.0
              ],
              [
                534.453781512605,
                0.0
              ],
              [
                539.4957983193277,
                0.0
              ],
              [
                544.5378151260504,
                0.0
              ],
              [
                549.5798319327731,
                0.0
              ],
              [
                554.6218487394958,
                0.0
              ],
              [
                559.6638655462185,
                0.0
              ],
              [
                564.7058823529412,
                0.0
              ],
              [
                569.7478991596638,
                0.0
              ],
              [
                574.7899159663865,
                0.0
              ],
              [
                579.8319327731092,
                0.0
              ],
              [
                584.8739495798319,
                0.0
              ],
              [
                589.9159663865546,
                0.0
              ],
              [
                594.9579831932773,
                0.0
              ],
              [
                600.0,
                0.0
              ],
              [
                600.0,
                5.05050505050505
              ],
              [
                600.0,
                10.1010101010101
              ],
              [
                600.0,
                15.15151515151515
              ],
              [
                600.0,
                20.2020202020202
              ],
              [
                600.0,
                25.252525252525253
              ],
              [
                600.0,
                26.33157830849982
              ],
              [
                594.9579831932773,
                28.629025135264357
              ],
              [
                590.0869023888645,
                30.3030303030303
              ],
              [
                589.9159663865546,
                30.370818796693825
              ],
              [
                584.8739495798319,
                31.981909790023217
              ],
              [
                579.8319327731092,
                33.28061465251418
              ],
              [
                574.7899159663865,
                34.35423394096446
              ],
              [
                569.7478991596638,
                35.25934134769334
              ],
              [
                569.1301093630748,
                35.35353535353535
              ],
              [
                564.7058823529412,
                36.12830056892041
              ],
              [
                559.6638655462186,
                36.88964358698323
              ],
              [
                554.6218487394958,
                37.55461490460344
              ],
              [
                549.5798319327731,
                38.14154419710855
              ],
              [
                544.5378151260504,
                38.66446157891304
              ],
              [
                539.4957983193277,
                39.13435558601507
              ],
              [
                534.453781512605,
                39.56000786694646
              ],
              [
                529.4117647058823,
                39.9485632198021
              ],
              [
                524.3697478991596,
                40.305929587865954
              ],
              [
                519.327731092437,
                35.3568262562322
              ],
              [
                514.2857142857143,
                35.35699488691854
              ],
              [
                509.2436974789916,
                35.357150724309626
              ],
              [
                504.2016806722688,
                35.35729594715857
              ],
              [
                499.1596638655461,
                35.35743242489181
              ],
              [
                494.11764705882354,
                35.35756178497917
              ],
              [
                489.0756302521009,
                35.357685467776996
              ],
              [
                484.03361344537814,
                35.35780477063297
              ],
              [
                478.99159663865544,
                35.35792088530453
              ],
              [
                473.94957983193274,
                35.35803492920584
              ],
              [
                468.9075630252101,
                35.35814797348012
              ],
              [
                463.8655462184874,
                35.3582610677581
              ],
              [
                458.8235294117647,
                35.358375264007215
              ],
              [
                453.781512605042,
                35.35849163902569
              ],
              [
                448.73949579831924,
                35.358611317644005
              ],
              [
                443.6974789915967,
                35.358735496058564
              ],
              [
                438.65546218487395,
                35.35886546712014
              ],
              [
                433.61344537815125,
                35.35900264690459
              ],
              [
                428.5714285714286,
                35.359148604082534
              ],
              [
                423.52941176470586,
                35.359305091127375
              ],
              [
                418.48739495798316,
                35.35947407818388
              ],
              [
                413.4453781512605,
                35.359657787668866
              ],
              [
                408.4033613445378,
                35.359858728591206
              ],
              [
                403.3613445378151,
                35.36007972586293
              ],
              [
                398.32360363239343,
                40.4040404040404
              ],
              [
                398.3193277310924,
                42.79360091877642
              ],
              [
                393.7522914078254,
                45.45454545454545
              ],
              [
                393.2773109243697,
                45.93347995428693
              ],
              [
                388.2352941176471,
                47.90550967658065
              ],
              [
                383.1932773109244,
                49.66425586220742
              ],
              [
                380.53563707908256,
                50.505050505050505
              ],
              [
                378.1512605042017,
                51.52795200206492
              ],
              [
                373.109243697479,
                54.024422370113044
              ],
              [
                370.35749581435164,
                55.55555555555555
              ],
              [
                368.0672268907563,
                57.72354982707325
              ],
              [
                365.9000589620621,
                60.60606060606061
              ],
              [
                363.84558312078684,
                65.65656565656565
              ],
              [
                363.33898260234395,
                70.7070707070707
              ],
              [
                363.0252100840336,
                73.45590394720833
              ],
              [
                362.79588380228824,
                75.75757575757575
              ],
              [
                361.55869835834534,
                80.8080808080808
              ],
              [
                360.6626810843783,
                85.85858585858585
              ],
              [
                358.9838266448377,
                90.9090909090909
              ],
              [
                357.98319327731093,
                93.13114961973929
              ],
              [
                356.7058963985654,
                95.95959595959596
              ],
              [
                353.39784474084297,
                101.010101010101
              ],
              [
                352.94117647058823,
                101.55864574403836
              ],
              [
                352.9408694194721,
                101.01010101010101
              ],
              [
                352.9382883543524,
                95.95959595959597
              ],
              [
                352.9359897315607,
                90.9090909090909
              ],
              [
                352.9344426074042,
                85.85858585858585
              ],
              [
                352.93364584275776,
                80.8080808080808
              ],
              [
                352.9335159531148,
                75.75757575757575
              ],
              [
                352.93409405319846,
                70.7070707070707
              ],
              [
                352.9345926403673,
                65.65656565656565
              ],
              [
                352.9357935808234,
                60.6060606060606
              ],
              [
                352.9367824714422,
                55.55555555555555
              ],
              [
                352.93739592768816,
                50.505050505050505
              ],
              [
                352.93598267107046,
                45.45454545454545
              ],
              [
                352.9318508063905,
                40.4040404040404
              ],
              [
                347.89915966386553,
                35.364712259342724
              ],
              [
                342.85714285714283,
                35.365304985243874
              ],
              [
                337.81512605042013,
                35.36585867286477
              ],
              [
                332.7731092436975,
                35.3663324604884
              ],
              [
                327.73109243697473,
                35.366683201018915
              ],
              [
                322.68907563025203,
                35.366873762031894
              ],
              [
                317.6470588235294,
                35.366882141805
              ],
              [
                312.6050420168067,
                35.36670765461816
              ],
              [
                307.56302521008405,
                35.36637114306022
              ],
              [
                302.5210084033614,
                35.3659091051666
              ],
              [
                297.4789915966387,
                35.365364642876955
              ],
              [
                292.43697478991595,
                35.36477901331256
              ],
              [
                287.39495798319325,
                35.36418619105264
              ],
              [
                282.35294117647055,
                35.36361082126898
              ],
              [
                277.3109243697479,
                35.36306864265969
              ],
              [
                272.2689075630252,
                35.36256815863404
              ],
              [
                267.2268907563025,
                35.36211262086093
              ],
              [
                262.1848739495798,
                35.361701809439396
              ],
              [
                257.1428571428571,
                35.36133341786118
              ],
              [
                252.1008403361344,
                35.36100403488663
              ],
              [
                247.06356974876468,
                40.4040404040404
              ],
              [
                247.05882352941177,
                43.86367943209498
              ],
              [
                242.12558364969988,
                45.45454545454545
              ],
              [
                242.0168067226891,
                45.50805752937475
              ],
              [
                236.9747899159664,
                46.41720773977868
              ],
              [
                231.93277310924373,
                46.600017910601544
              ],
              [
                226.890756302521,
                46.59661697065582
              ],
              [
                221.84873949579833,
                46.366816485507805
              ],
              [
                216.80672268907563,
                45.88307896770994
              ],
              [
                214.17970134057765,
                45.45454545454545
              ],
              [
                211.76470588235293,
                44.90584308461157
              ],
              [
                206.72268907563026,
                43.49782780503414
              ],
              [
                201.68067226890753,
                41.77105912361477
              ],
              [
                201.67792773000087,
                40.4040404040404
              ],
              [
                196.63865546218486,
                35.35896853339963
              ],
              [
                191.5966386554622,
                35.35886224246619
              ],
              [
                186.5546218487395,
                35.35876201046635
              ],
              [
                181.5126050420168,
                35.35866682346146
              ],
              [
                176.47058823529412,
                35.35857576938223
              ],
              [
                171.42857142857142,
                35.35848801996213
              ],
              [
                166.38655462184875,
                35.358402814207714
              ],
              [
                161.34453781512605,
                35.35831944402051
              ],
              [
                156.30252100840335,
                35.35823724059104
              ],
              [
                151.26050420168067,
                35.35815556227286
              ],
              [
                146.21848739495798,
                35.358073782496334
              ],
              [
                141.1764705882353,
                35.357991278512834
              ],
              [
                136.1344537815126,
                35.357907419443066
              ],
              [
                131.0924369747899,
                35.357821554458646
              ],
              [
                126.05042016806722,
                35.357732999430795
              ],
              [
                121.00840336134453,
                35.35764102284047
              ],
              [
                115.96638655462185,
                35.357544829056344
              ],
              [
                110.92436974789918,
                35.357443539622935
              ],
              [
                105.88235294117646,
                35.3573361702909
              ],
              [
                100.84033613445376,
                35.35722160408291
              ],
              [
                95.7983193277311,
                35.3570985574955
              ],
              [
                90.7563025210084,
                35.35696553943494
              ],
              [
                85.71428571428571,
                35.356820798897125
              ],
              [
                80.67226890756302,
                35.35666225967955
              ],
              [
                75.63025210084034,
                35.356487436236144
              ],
              [
                70.58823529411765,
                35.35629332660712
              ],
              [
                65.54621848739495,
                35.35607627333305
              ],
              [
                60.50420168067227,
                35.355831784430336
              ],
              [
                55.46218487394958,
                38.44732973801517
              ],
              [
                50.42016806722689,
                37.93912630643292
              ],
              [
                45.3781512605042,
                37.36579014174973
              ],
              [
                40.33613445378151,
                36.713375066575615
              ],
              [
                35.294117647058826,
                35.96361488168881
              ],
              [
                31.771453677754856,
                35.35353535353535
              ],
              [
                30.252100840336134,
                35.124156035018764
              ],
              [
                25.210084033613448,
                34.22711319516742
              ],
              [
                20.168067226890756,
                33.160667088463725
              ],
              [
                15.126050420168067,
                31.86814824654313
              ],
              [
                10.210602085821984,
                30.3030303030303
              ],
              [
                10.084033613445378,
                30.26851700531673
              ],
              [
                5.042016806722689,
                28.53937380122332
              ],
              [
                0.0,
                26.242009848064974
              ],
              [
                0.0,
                25.252525252525253
              ],
              [
                0.0,
                20.2020202020202
              ],
              [
                0.0,
                15.15151515151515
              ],
              [
                0.0,
                10.1010101010101
              ],
              [
                0.0,
                5.05050505050505
              ],
              [
                0.0,
                0.0
              ],
              [
                5.042016806722689,
                0.0
              ]
            ]
          ]
        ]
      },
      "properties": {
        "umbral_dBA": 65.0,
        "descripcion": "Zona con excedencia > 65 dBA",
        "area_m2": 22818.88,
        "fill": "#FFA500",
        "fill-opacity": 0.35,
        "stroke": "#FFA500",
        "stroke-width": 1.5,
        "stroke-opacity": 0.8
      },
      "id": 1
    },
    {
      "type": "Feature",
      "geometry": {
        "type": "MultiPolygon",
        "coordinates": [
          [
            [
              [
                5.042016806722689,
                0.0
              ],
              [
                10.084033613445378,
                0.0
              ],
              [
                15.126050420168067,
                0.0
              ],
              [
                20.168067226890756,
                0.0
              ],
              [
                25.210084033613445,
                0.0
              ],
              [
                30.252100840336134,
                0.0
              ],
              [
                35.294117647058826,
                0.0
              ],
              [
                40.33613445378151,
                0.0
              ],
              [
                45.3781512605042,
                0.0
              ],
              [
                50.42016806722689,
                0.0
              ],
              [
                55.46218487394958,
                0.0
              ],
              [
                60.50420168067227,
                0.0
              ],
              [
                65.54621848739495,
                0.0
              ],
              [
                70.58823529411765,
                0.0
              ],
              [
                75.63025210084034,
                0.0
              ],
              [
                80.67226890756302,
                0.0
              ],
              [
                85.71428571428571,
                0.0
              ],
              [
                90.7563025210084,
                0.0
              ],
              [
                95.7983193277311,
                0.0
              ],
              [
                100.84033613445378,
                0.0
              ],
              [
                105.88235294117646,
                0.0
              ],
              [
                110.92436974789916,
                0.0
              ],
              [
                115.96638655462185,
                0.0
              ],
              [
                121.00840336134453,
                0.0
              ],
              [
                126.05042016806722,
                0.0
              ],
              [
                131.0924369747899,
                0.0
              ],
              [
                136.1344537815126,
                0.0
              ],
              [
                141.1764705882353,
                0.0
              ],
              [
                146.21848739495798,
                0.0
              ],
              [
                151.26050420168067,
                0.0
              ],
              [
                156.30252100840335,
                0.0
              ],
              [
                161.34453781512605,
                0.0
              ],
              [
                166.38655462184875,
                0.0
              ],
              [
                171.42857142857142,
                0.0
              ],
              [
                176.47058823529412,
                0.0
              ],
              [
                181.5126050420168,
                0.0
              ],
              [
                186.5546218487395,
                0.0
              ],
              [
                191.5966386554622,
                0.0
              ],
              [
                196.63865546218486,
                0.0
              ],
              [
                201.68067226890756,
                0.0
              ],
              [
                206.72268907563026,
                0.0
              ],
              [
                211.76470588235293,
                0.0
              ],
              [
                216.80672268907563,
                0.0
              ],
              [
                221.84873949579833,
                0.0
              ],
              [
                226.890756302521,
                0.0
              ],
              [
                231.9327731092437,
                0.0
              ],
              [
                236.97478991596637,
                0.0
              ],
              [
                242.01680672268907,
                0.0
              ],
              [
                247.05882352941177,
                0.0
              ],
              [
                252.10084033613444,
                0.0
              ],
              [
                257.1428571428571,
                0.0
              ],
              [
                262.1848739495798,
                0.0
              ],
              [
                267.2268907563025,
                0.0
              ],
              [
                272.2689075630252,
                0.0
              ],
              [
                277.3109243697479,
                0.0
              ],
              [
                282.3529411764706,
                0.0
              ],
              [
                287.39495798319325,
                0.0
              ],
              [
                292.43697478991595,
                0.0
              ],
              [
                297.47899159663865,
                0.0
              ],
              [
                302.52100840336135,
                0.0
              ],
              [
                307.56302521008405,
                0.0
              ],
              [
                312.6050420168067,
                0.0
              ],
              [
                317.6470588235294,
                0.0
              ],
              [
                322.6890756302521,
                0.0
              ],
              [
                327.7310924369748,
                0.0
              ],
              [
                332.7731092436975,
                0.0
              ],
              [
                337.81512605042013,
                0.0
              ],
              [
                342.85714285714283,
                0.0
              ],
              [
                347.89915966386553,
                0.0
              ],
              [
                352.94117647058823,
                0.0
              ],
              [
                357.98319327731093,
                0.0
              ],
              [
                363.0252100840336,
                0.0
              ],
              [
                368.0672268907563,
                0.0
              ],
              [
                373.109243697479,
                0.0
              ],
              [
                378.1512605042017,
                0.0
              ],
              [
                383.1932773109244,
                0.0
              ],
              [
                388.2352941176471,
                0.0
              ],
              [
                393.2773109243697,
                0.0
              ],
              [
                398.3193277310924,
                0.0
              ],
              [
                403.3613445378151,
                0.0
              ],
              [
                408.4033613445378,
                0.0
              ],
              [
                413.4453781512605,
                0.0
              ],
              [
                418.48739495798316,
                0.0
              ],
              [
                423.52941176470586,
                0.0
              ],
              [
                428.57142857142856,
                0.0
              ],
              [
                433.61344537815125,
                0.0
              ],
              [
                438.65546218487395,
                0.0
              ],
              [
                443.69747899159665,
                0.0
              ],
              [
                448.7394957983193,
                0.0
              ],
              [
                453.781512605042,
                0.0
              ],
              [
                458.8235294117647,
                0.0
              ],
              [
                463.8655462184874,
                0.0
              ],
              [
                468.9075630252101,
                0.0
              ],
              [
                473.94957983193274,
                0.0
              ],
              [
                478.99159663865544,
                0.0
              ],
              [
                484.03361344537814,
                0.0
              ],
              [
                489.07563025210084,
                0.0
              ],
              [
                494.11764705882354,
                0.0
              ],
              [
                499.1596638655462,
                0.0
              ],
              [
                504.2016806722689,
                0.0
              ],
              [
                509.2436974789916,
                0.0
              ],
              [
                514.2857142857142,
                0.0
              ],
              [
                519.3277310924369,
                0.0
              ],
              [
                524.3697478991596,
                0.0
              ],
              [
                529.4117647058823,
                0.0
              ],
              [
                534.453781512605,
                0.0
              ],
              [
                539.4957983193277,
                0.0
              ],
              [
                544.5378151260504,
                0.0
              ],
              [
                549.5798319327731,
                0.0
              ],
              [
                554.6218487394958,
                0.0
              ],
              [
                559.6638655462185,
                0.0
              ],
              [
                564.7058823529412,
                0.0
              ],
              [
                569.7478991596638,
                0.0
              ],
              [
                574.7899159663865,
                0.0
              ],
              [
                579.8319327731092,
                0.0
              ],
              [
                584.8739495798319,
                0.0
              ],
              [
                589.9159663865546,
                0.0
              ],
              [
                594.9579831932773,
                0.0
              ],
              [
                600.0,
                0.0
              ],
              [
                600.0,
                5.05050505050505
              ],
              [
                600.0,
                10.1010101010101
              ],
              [
                600.0,
                15.15151515151515
              ],
              [
                600.0,
                20.2020202020202
              ],
              [
                600.0,
                25.252525252525253
              ],
              [
                600.0,
                30.3030303030303
              ],
              [
                600.0,
                35.35353535353535
              ],
              [
                600.0,
                40.4040404040404
              ],
              [
                600.0,
                45.45454545454545
              ],
              [
                600.0,
                50.505050505050505
              ],
              [
                600.0,
                55.55555555555555
              ],
              [
                600.0,
                60.6060606060606
              ],
              [
                600.0,
                65.65656565656565
              ],
              [
                600.0,
                70.7070707070707
              ],
              [
                600.0,
                75.75757575757575
              ],
              [
                600.0,
                80.8080808080808
              ],
              [
                600.0,
                85.85858585858585
              ],
              [
                600.0,
                90.9090909090909
              ],
              [
                600.0,
                95.95959595959596
              ],
              [
                600.0,
                101.01010101010101
              ],
              [
                600.0,
                106.06060606060605
              ],
              [
                600.0,
                111.1111111111111
              ],
              [
                600.0,
                116.16161616161615
              ],
              [
                600.0,
                121.2121212121212
              ],
              [
                600.0,
                126.26262626262626
              ],
              [
                600.0,
                131.3131313131313
              ],
              [
                600.0,
                136.36363636363635
              ],
              [
                600.0,
                137.51740344344233
              ],
              [
                594.9579831932773,
                139.73726891939498
              ],
              [
                589.9159663865546,
                137.71865071193488
              ],
              [
                584.8739495798319,
                139.5938232625594
              ],
              [
                579.8319327731092,
                141.32306140119368
              ],
              [
                579.5458488320487,
                141.4141414141414
              ],
              [
                574.7899159663865,
                142.21350974692004
              ],
              [
                572.4409049484827,
                141.4141414141414
              ],
              [
                569.7478991596638,
                139.69104547833987
              ],
              [
                564.7058823529412,
                141.00395484640654
              ],
              [
                562.9945723461249,
                141.4141414141414
              ],
              [
                559.6638655462185,
                142.24466822842248
              ],
              [
                554.6218487394958,
                143.40588795217275
              ],
              [
                549.5798319327732,
                142.8563254921566
              ],
              [
                546.3883519295853,
                141.4141414141414
              ],
              [
                544.5378151260504,
                139.65675298262815
              ],
              [
                539.4957983193277,
                140.48781054586732
              ],
              [
                534.453781512605,
                141.27478528873422
              ],
              [
                533.5148983791557,
                141.4141414141414
              ],
              [
                529.4117647058823,
                142.05454280642542
              ],
              [
                524.3697478991596,
                142.82423544984402
              ],
              [
                523.2165381388586,
                141.4141414141414
              ],
              [
                521.9830409368499,
                136.36363636363635
              ],
              [
                521.7073625581241,
                131.3131313131313
              ],
              [
                524.3661469341185,
                126.26262626262626
              ],
              [
                524.36495662829,
                121.2121212121212
              ],
              [
                524.3637160567251,
                116.16161616161615
              ],
              [
                524.3624201172819,
                111.1111111111111
              ],
              [
                524.361063147299,
                106.06060606060605
              ],
              [
                524.3596388478063,
                101.010101010101
              ],
              [
                524.3581401875285,
                95.95959595959596
              ],
              [
                524.3565592784655,
                90.90909090909092
              ],
              [
                524.3548872111949,
                85.85858585858587
              ],
              [
                524.353113832631,
                80.80808080808082
              ],
              [
                524.3512274407777,
                75.75757575757575
              ],
              [
                524.3492143583459,
                70.7070707070707
              ],
              [
                524.3470583270688,
                65.65656565656565
              ],
              [
                524.3447396320204,
                60.6060606060606
              ],
              [
                524.3422338108307,
                55.55555555555554
              ],
              [
                524.3372912124579,
                50.505050505050505
              ],
              [
                524.3311206303382,
                45.454545454545446
              ],
              [
                524.3224659263681,
                40.4040404040404
              ],
              [
                519.3277310924369,
                35.40421793837125
              ],
              [
                514.2857142857142,
                35.404384985670866
              ],
              [
                509.24369747899163,
                35.40453935980006
              ],
              [
                504.2016806722688,
                35.40468321905418
              ],
              [
                499.1596638655462,
                35.40481841530635
              ],
              [
                494.11764705882354,
                35.404946560744996
              ],
              [
                489.07563025210084,
                35.405069082202
              ],
              [
                484.0336134453781,
                35.40518726484337
              ],
              [
                478.99159663865544,
                35.40530228923632
              ],
              [
                473.94957983193274,
                35.40541526230288
              ],
              [
                468.90756302521004,
                35.405527245128575
              ],
              [
                463.86554621848745,
                35.40563927748845
              ],
              [
                458.8235294117647,
                35.40575240147231
              ],
              [
                453.781512605042,
                35.4058676837676
              ],
              [
                448.7394957983193,
                35.40598623864303
              ],
              [
                443.69747899159665,
                35.406109251063086
              ],
              [
                438.65546218487395,
                35.40623800173911
              ],
              [
                433.6134453781512,
                35.406373893450464
              ],
              [
                428.57142857142856,
                35.40651848013848
              ],
              [
                423.52941176470586,
                35.406673497821394
              ],
              [
                418.48739495798316,
                35.40684089814497
              ],
              [
                413.44537815126046,
                35.40702288265827
              ],
              [
                408.4033613445378,
                35.40722193681138
              ],
              [
                403.3613445378151,
                35.40744085899136
              ],
              [
                398.37090636389973,
                40.4040404040404
              ],
              [
                398.3619453329727,
                45.45454545454545
              ],
              [
                398.358022477614,
                50.505050505050505
              ],
              [
                398.3560783687319,
                55.55555555555555
              ],
              [
                398.3543713739375,
                60.606060606060595
              ],
              [
                398.352806868666,
                65.65656565656565
              ],
              [
                398.3514933482861,
                70.7070707070707
              ],
              [
                398.35018611218555,
                75.75757575757575
              ],
              [
                398.3488508422668,
                80.8080808080808
              ],
              [
                398.34745940752055,
                85.85858585858584
              ],
              [
                398.34648709281174,
                90.9090909090909
              ],
              [
                398.3454798807736,
                95.95959595959596
              ],
              [
                398.3439440336588,
                101.010101010101
              ],
              [
                398.3428505604122,
                106.06060606060605
              ],
              [
                398.3417097128756,
                111.11111111111111
              ],
              [
                398.3405250847211,
                116.16161616161617
              ],
              [
                398.33930224903037,
                121.21212121212119
              ],
              [
                398.3375168027353,
                126.26262626262624
              ],
              [
                403.3613445378151,
                131.30302757283178
              ],
              [
                408.4033613445378,
                131.30458221722967
              ],
              [
                413.44537815126046,
                131.30607758034523
              ],
              [
                418.48739495798316,
                131.307514553734
              ],
              [
                423.52941176470586,
                131.3088946006713
              ],
              [
                428.5714285714286,
                131.3102195855853
              ],
              [
                433.61344537815125,
                131.3114916462303
              ],
              [
                438.65546218487395,
                131.31271309842944
              ],
              [
                440.4529734478998,
                131.3131313131313
              ],
              [
                438.65546218487395,
                134.00934364776515
              ],
              [
                437.10611735175553,
                136.36363636363635
              ],
              [
                433.61344537815125,
                141.3048244138881
              ],
              [
                433.5365003536671,
                141.4141414141414
              ],
              [
                429.75473480558753,
                146.46464646464645
              ],
              [
                428.57142857142856,
                147.9415157490301
              ],
              [
                425.67807231481294,
                151.5151515151515
              ],
              [
                423.52941176470586,
                153.99910373630797
              ],
              [
                421.264239827642,
                156.56565656565655
              ],
              [
                418.48739495798316,
                159.52256815658433
              ],
              [
                417.6773223218211,
                161.6161616161616
              ],
              [
                416.6587160232866,
                166.66666666666666
              ],
              [
                415.1369309930752,
                171.7171717171717
              ],
              [
                413.44537815126046,
                175.67861445579135
              ],
              [
                412.95137303008505,
                176.76767676767676
              ],
              [
                411.7515764492978,
                181.8181818181818
              ],
              [
                408.4033613445378,
                186.48175555282762
              ],
              [
                408.10519616299166,
                186.86868686868686
              ],
              [
                404.1438063828326,
                191.91919191919192
              ],
              [
                403.36134453781517,
                192.8992842002095
              ],
              [
                398.3193277310924,
                195.98527422473455
              ],
              [
                396.3682490524998,
                196.96969696969697
              ],
              [
                393.2773109243697,
                196.97006355611995
              ],
              [
                388.235294117647,
                196.97064425663066
              ],
              [
                383.1932773109244,
                196.97120445041475
              ],
              [
                378.1519920030742,
                202.02020202020205
              ],
              [
                378.1512605042017,
                204.9170222875449
              ],
              [
                373.109243697479,
                206.6664005004382
              ],
              [
                372.581449266767,
                207.07070707070704
              ],
              [
                368.0672268907563,
                210.56987293364543
              ],
              [
                363.0252100840336,
                209.5775663522773
              ],
              [
                357.98319327731093,
                210.77442907995118
              ],
              [
                352.94117647058823,
                211.79378496696418
              ],
              [
                351.0085237361738,
                212.12121212121207
              ],
              [
                347.89915966386553,
                212.65835900070635
              ],
              [
                346.1095168762231,
                212.12121212121212
              ],
              [
                342.85714285714283,
                211.19697841256203
              ],
              [
                342.85597852129746,
                207.07070707070704
              ],
              [
                342.8545003712612,
                202.02020202020205
              ],
              [
                337.81512605042013,
                196.97401821954963
              ],
              [
                332.77310924369743,
                196.97416288081877
              ],
              [
                327.7310924369748,
                196.97371224071173
              ],
              [
                322.6890756302521,
                196.97321733461945
              ],
              [
                317.6470588235294,
                196.97267961845117
              ],
              [
                312.6050420168067,
                196.9725970965272
              ],
              [
                307.56302521008405,
                196.97195887406266
              ],
              [
                302.52100840336135,
                196.9717302933048
              ],
              [
                297.47899159663865,
                196.97147132788743
              ],
              [
                292.43697478991595,
                196.97118625707918
              ],
              [
                287.39495798319325,
                196.9713514691003
              ],
              [
                282.35294117647055,
                196.97095805537325
              ],
              [
                277.3109243697479,
                196.9710978259283
              ],
              [
                272.2689075630252,
                196.97124503828573
              ],
              [
                267.2268907563025,
                201.4788032095261
              ],
              [
                262.1848739495798,
                200.24155041117893
              ],
              [
                257.1428571428571,
                200.15002843035074
              ],
              [
                252.10084033613444,
                200.88404273836682
              ],
              [
                247.05882352941177,
                198.79330082856256
              ],
              [
                242.99549742427513,
                196.96969696969697
              ],
              [
                242.01680672268907,
                196.52598160755812
              ],
              [
                236.97478991596637,
                194.1074418294539
              ],
              [
                231.93277310924367,
                194.7539168200267
              ],
              [
                226.890756302521,
                192.138280067947
              ],
              [
                226.71319388466438,
                191.91919191919192
              ],
              [
                222.66976982783262,
                186.86868686868686
              ],
              [
                221.84873949579833,
                185.82373165043845
              ],
              [
                216.80672268907563,
                182.68262514767835
              ],
              [
                215.46567004819414,
                181.8181818181818
              ],
              [
                211.76470588235293,
                179.38142406387158
              ],
              [
                206.72268907563026,
                178.50777135035435
              ],
              [
                202.18860596393444,
                176.76767676767676
              ],
              [
                201.68067226890756,
                176.414292753578
              ],
              [
                198.88063143606612,
                171.7171717171717
              ],
              [
                198.1038544587832,
                166.66666666666666
              ],
              [
                196.63865546218486,
                162.45181919314498
              ],
              [
                196.4489538888266,
                161.6161616161616
              ],
              [
                195.61286597227274,
                156.56565656565655
              ],
              [
                195.7928142840721,
                151.5151515151515
              ],
              [
                196.6386554621849,
                149.68255328660248
              ],
              [
                197.7343030933638,
                146.46464646464645
              ],
              [
                197.78054795540265,
                141.4141414141414
              ],
              [
                201.67276936577235,
                136.36363636363635
              ],
              [
                201.6717545307671,
                131.31313131313127
              ],
              [
                201.67073411089055,
                126.26262626262626
              ],
              [
                201.66890687689053,
                121.2121212121212
              ],
              [
                201.66785846060122,
                116.16161616161615
              ],
              [
                201.6667954301763,
                111.11111111111109
              ],
              [
                201.6657128820459,
                106.06060606060605
              ],
              [
                201.66460453035575,
                101.01010101010101
              ],
              [
                201.6627250852157,
                95.95959595959596
              ],
              [
                201.66153690951683,
                90.9090909090909
              ],
              [
                201.66029569718467,
                85.85858585858585
              ],
              [
                201.6583589825998,
                80.8080808080808
              ],
              [
                201.65644996112073,
                75.75757575757576
              ],
              [
                201.65454674312113,
                70.7070707070707
              ],
              [
                201.65262325771732,
                65.65656565656565
              ],
              [
                201.65039024012646,
                60.6060606060606
              ],
              [
                201.64802557660147,
                55.55555555555556
              ],
              [
                201.6454413840289,
                50.505050505050505
              ],
              [
                201.64066998061537,
                45.45454545454545
              ],
              [
                201.63061061950495,
                40.40404040404041
              ],
              [
                196.63865546218483,
                35.40634010026011
              ],
              [
                191.5966386554622,
                35.4062348073636
              ],
              [
                186.55462184873952,
                35.406135516509295
              ],
              [
                181.51260504201682,
                35.406041223279104
              ],
              [
                176.47058823529412,
                35.40595102416775
              ],
              [
                171.42857142857142,
                35.40586409868587
              ],
              [
                166.38655462184877,
                35.40577969298549
              ],
              [
                161.34453781512605,
                35.405697105616944
              ],
              [
                156.30252100840335,
                35.40561567405066
              ],
              [
                151.26050420168067,
                35.40553476266504
              ],
              [
                146.21848739495798,
                35.405453750773745
              ],
              [
                141.1764705882353,
                35.40537202147553
              ],
              [
                136.13445378151263,
                35.40528894981488
              ],
              [
                131.0924369747899,
                35.405203891074436
              ],
              [
                126.0504201680672,
                35.40511616754919
              ],
              [
                121.00840336134453,
                35.40502505458882
              ],
              [
                115.96638655462185,
                35.40492976403272
              ],
              [
                110.92436974789915,
                35.4048294256738
              ],
              [
                105.88235294117648,
                35.40472306450451
              ],
              [
                100.84033613445378,
                35.40460957403556
              ],
              [
                95.7983193277311,
                35.40448768281516
              ],
              [
                90.7563025210084,
                35.40435591375048
              ],
              [
                85.71428571428571,
                35.40421253227876
              ],
              [
                80.67226890756302,
                35.40405548169234
              ],
              [
                75.63025210084032,
                35.40388229978359
              ],
              [
                70.58823529411764,
                35.403690012780196
              ],
              [
                65.54621848739495,
                35.40347499756504
              ],
              [
                60.50420168067227,
                35.40323280433278
              ],
              [
                55.50826413633297,
                40.4040404040404
              ],
              [
                55.49898469377389,
                45.45454545454545
              ],
              [
                55.4922455684918,
                50.505050505050505
              ],
              [
                55.48920657662804,
                55.55555555555555
              ],
              [
                55.48402497443448,
                60.6060606060606
              ],
              [
                55.48149057279311,
                65.65656565656565
              ],
              [
                55.479131954575635,
                70.7070707070707
              ],
              [
                55.476928948772176,
                75.75757575757575
              ],
              [
                55.474864793621656,
                80.8080808080808
              ],
              [
                55.472925313363596,
                85.85858585858585
              ],
              [
                55.47109834280021,
                90.9090909090909
              ],
              [
                55.46937331492627,
                95.95959595959596
              ],
              [
                55.46774095849456,
                101.01010101010101
              ],
              [
                55.466193071407396,
                106.06060606060603
              ],
              [
                55.4647223475394,
                111.1111111111111
              ],
              [
                55.46332224196679,
                116.16161616161615
              ],
              [
                55.46218487394958,
                120.46340187047437
              ],
              [
                50.42016806722689,
                120.29726283639442
              ],
              [
                45.3781512605042,
                120.01835527295509
              ],
              [
                40.33613445378151,
                119.61819648901078
              ],
              [
                38.93178874771545,
                121.21212121212122
              ],
              [
                35.294117647058826,
                125.44260962995347
              ],
              [
                30.252100840336134,
                124.6358020581303
              ],
              [
                25.210084033613445,
                123.68681031038147
              ],
              [
                20.168067226890756,
                124.4758985385707
              ],
              [
                15.544100733937347,
                126.26262626262627
              ],
              [
                15.126050420168067,
                126.61145383373191
              ],
              [
                13.979778880862646,
                126.26262626262626
              ],
              [
                10.084033613445378,
                125.11438586028378
              ],
              [
                5.042016806722689,
                123.4532506998305
              ],
              [
                0.0,
                123.80181695006002
              ],
              [
                0.0,
                121.2121212121212
              ],
              [
                0.0,
                116.16161616161615
              ],
              [
                0.0,
                111.1111111111111
              ],
              [
                0.0,
                106.06060606060605
              ],
              [
                0.0,
                101.01010101010101
              ],
              [
                0.0,
                95.95959595959596
              ],
              [
                0.0,
                90.9090909090909
              ],
              [
                0.0,
                85.85858585858585
              ],
              [
                0.0,
                80.8080808080808
              ],
              [
                0.0,
                75.75757575757575
              ],
              [
                0.0,
                70.7070707070707
              ],
              [
                0.0,
                65.65656565656565
              ],
              [
                0.0,
                60.6060606060606
              ],
              [
                0.0,
                55.55555555555555
              ],
              [
                0.0,
                50.505050505050505
              ],
              [
                0.0,
                45.45454545454545
              ],
              [
                0.0,
                40.4040404040404
              ],
              [
                0.0,
                35.35353535353535
              ],
              [
                0.0,
                30.3030303030303
              ],
              [
                0.0,
                25.252525252525253
              ],
              [
                0.0,
                20.2020202020202
              ],
              [
                0.0,
                15.15151515151515
              ],
              [
                0.0,
                10.1010101010101
              ],
              [
                0.0,
                5.05050505050505
              ],
              [
                0.0,
                0.0
              ],
              [
                5.042016806722689,
                0.0
              ]
            ],
            [
              [
                247.11086806413905,
                40.4040404040404
              ],
              [
                247.1040014461672,
                45.45454545454545
              ],
              [
                247.0996154413122,
                50.505050505050505
              ],
              [
                247.09764862903018,
                55.55555555555555
              ],
              [
                247.09593331888792,
                60.6060606060606
              ],
              [
                247.09461531532855,
                65.65656565656565
              ],
              [
                247.09197899568278,
                70.7070707070707
              ],
              [
                247.09076353541778,
                75.75757575757575
              ],
              [
                247.08949877746485,
                80.8080808080808
              ],
              [
                247.0886121003555,
                85.85858585858585
              ],
              [
                247.0876775080453,
                90.9090909090909
              ],
              [
                247.08623782991046,
                95.95959595959596
              ],
              [
                247.08517992161194,
                101.01010101010101
              ],
              [
                247.08405392939892,
                106.06060606060605
              ],
              [
                247.08286437539095,
                111.1111111111111
              ],
              [
                247.08113087541338,
                116.16161616161615
              ],
              [
                252.10084033613444,
                121.19401884237465
              ],
              [
                257.1428571428571,
                121.19196094505708
              ],
              [
                262.18487394957975,
                121.18981510632034
              ],
              [
                267.2268907563025,
                121.18758732638338
              ],
              [
                272.26890756302515,
                121.18528870999492
              ],
              [
                277.31092436974785,
                121.18293752301607
              ],
              [
                282.3529411764706,
                121.18056180472618
              ],
              [
                287.39495798319325,
                121.17820243399832
              ],
              [
                292.43697478991595,
                121.17591623117859
              ],
              [
                297.47899159663865,
                121.17377812398972
              ],
              [
                302.5210084033613,
                121.17188066142197
              ],
              [
                307.5630252100841,
                121.17032859157108
              ],
              [
                312.60504201680675,
                121.16922668279119
              ],
              [
                317.6470588235294,
                121.16866144125488
              ],
              [
                322.6890756302521,
                121.1686816046308
              ],
              [
                327.7310924369748,
                121.16928545187889
              ],
              [
                332.77310924369743,
                121.17042128164428
              ],
              [
                337.81512605042013,
                121.17200080602016
              ],
              [
                342.85714285714283,
                121.17391880961085
              ],
              [
                347.89915966386553,
                121.17607112668513
              ],
              [
                352.90237840328103,
                116.16161616161615
              ],
              [
                352.8992405756328,
                111.11111111111111
              ],
              [
                352.8963313268527,
                106.06060606060605
              ],
              [
                352.89352942176686,
                101.01010101010101
              ],
              [
                352.8909725920004,
                95.95959595959596
              ],
              [
                352.88869555252137,
                90.9090909090909
              ],
              [
                352.8871629553522,
                85.85858585858585
              ],
              [
                352.886373672064,
                80.8080808080808
              ],
              [
                352.886245002042,
                75.75757575757575
              ],
              [
                352.8868176739559,
                70.7070707070707
              ],
              [
                352.88731157955505,
                65.65656565656565
              ],
              [
                352.8885012435749,
                60.606060606060595
              ],
              [
                352.88948084883583,
                55.55555555555555
              ],
              [
                352.89008854492926,
                50.505050505050505
              ],
              [
                352.88868855832675,
                45.45454545454545
              ],
              [
                352.8845954904982,
                40.4040404040404
              ],
              [
                347.89915966386553,
                35.41202989450421
              ],
              [
                342.85714285714283,
                35.41261705490394
              ],
              [
                337.81512605042013,
                35.41316554358003
              ],
              [
                332.7731092436975,
                35.41363488249358
              ],
              [
                327.7310924369748,
                35.41398232968579
              ],
              [
                322.6890756302521,
                35.41417110139348
              ],
              [
                317.6470588235294,
                35.41417940248326
              ],
              [
                312.60504201680664,
                35.414006553673765
              ],
              [
                307.56302521008405,
                35.41367320184876
              ],
              [
                302.52100840336135,
                35.41321550233911
              ],
              [
                297.47899159663865,
                35.412676152371446
              ],
              [
                292.43697478991595,
                35.4120960216762
              ],
              [
                287.39495798319325,
                35.411508765822475
              ],
              [
                282.35294117647055,
                35.410938798572
              ],
              [
                277.3109243697479,
                35.41040171084166
              ],
              [
                272.2689075630252,
                35.409905926196544
              ],
              [
                267.2268907563025,
                35.40945466577341
              ],
              [
                262.1848739495798,
                35.409047711736115
              ],
              [
                257.1428571428571,
                35.408682779233764
              ],
              [
                252.10084033613447,
                35.40835648905709
              ],
              [
                247.11086806413905,
                40.4040404040404
              ]
            ]
          ]
        ]
      },
      "properties": {
        "umbral_dBA": 55.0,
        "descripcion": "Zona con excedencia > 55 dBA",
        "area_m2": 58640.04,
        "fill": "#F0E68C",
        "fill-opacity": 0.35,
        "stroke": "#F0E68C",
        "stroke-width": 1.5,
        "stroke-opacity": 0.8
      },
      "id": 2
    }
  ]
}